feature,coefficient
no_of_workers,0.09977717667347043
smv,-0.07848205671456054
quarter_Quarter5,0.07480544931421058
targeted_productivity,0.07070396918220902
team,-0.0308371993107876
idle_men,-0.02850824034818541
quarter_Quarter4,-0.02342032671867478
quarter_Quarter3,-0.020559778861155818
day_Tuesday,0.02024549294684928
day_Saturday,0.01857909777527203
day_Thursday,-0.018279375355435563
no_of_style_change,-0.017214138525117318
quarter_Quarter2,-0.016712525214561482
department_finishing,0.01604458177208688
department_sweing,-0.01604458177208619
over_time,-0.014615338489741088
quarter_Quarter1,-0.014112818519818876
day_Wednesday,-0.010177279190474012
day_Monday,-0.009210522770831158
incentive,0.007140072296567784
wip,0.006179367084152783
idle_time,0.0023360515484287807
day_Sunday,-0.0011574134053813313
