actual,predicted
0.268214286,0.6328639890023477
0.800358775,0.7788174305767088
0.681060606,0.7980207108930286
0.325,0.7668096359203748
0.667604167,0.7875979171902525
0.800980392,0.7943203492904871
0.768847222,0.5861296550089907
0.768847222,0.6229881281396983
0.650416734,0.6996606260669048
0.750395513,0.7486028277976786
0.700398148,0.7374974082905309
0.861679012,0.8362222675902107
0.800318644,0.846766546169464
0.81640625,0.582780547763432
0.900144811,0.7597473244001086
0.93532197,0.7744131386340236
1.000344928,0.8716852102107511
0.600447507,0.6615560786584643
0.714410494,0.569526658244191
0.900321106,0.7795133321241299
1.000065789,0.8871566285667724
0.700184577,0.7031550025502518
0.893066667,0.8388153730843718
0.727349537,0.8337844219367226
0.83,0.7940102273621047
0.499998888,0.5932356601486312
0.994375,0.458389681401063
1.000230409,0.8621647942059726
0.456875,0.6461633123564995
0.5375,0.8415320197983271
0.920236905,0.8911908556657466
0.800401961,0.7104972500192389
0.912037037,0.852736045989498
0.634666667,0.7754019632427682
0.750344828,0.7488355940909787
0.586465465,0.7343793292145387
1.033155556,0.7513766414138323
0.800318644,0.8391637763385249
0.800401961,0.7125411546352852
0.549791667,0.7468971366828219
0.750162367,0.7435517339772134
0.850502311,0.7529496027064051
0.592083333,0.7140126032054913
0.900556277,0.7694571286944045
0.75065101,0.7067457552477807
0.800401961,0.7196975345194018
0.410833333,0.6813528087625665
0.902916667,0.8531947598539613
0.879714482,0.7784684670729033
0.858143939,0.7486510634129688
0.800701754,0.8684696616253309
0.850426891,0.7973662499967901
0.749166667,0.8114406489341532
0.8,0.7530627620424928
0.8319375,0.7871771947244036
0.650066445,0.7229019239739339
0.376597222,0.7314065616799847
0.750716981,0.7030359785476574
0.722638889,0.8018017394621479
0.80575,0.5047223973368662
0.692045455,0.7790576299324681
0.846950758,0.7685206546457078
0.650040783,0.7257577301519144
0.888686869,0.7884107951242333
0.388007813,0.6374769547337632
0.495416667,0.7477434462977668
0.800030199,0.7280513704354681
0.978525641,0.7857175783806756
0.497885057,0.7238094363256679
0.545657673,0.7266738363668978
0.800909609,0.7763876449561024
0.821354167,0.6939788891468565
0.700556897,0.6790631948093747
0.750348457,0.7491112601474115
0.7504,0.7073813932135853
0.549969429,0.6208305692230763
0.690182815,0.8538695583196468
0.699965217,0.6766913027005059
0.861875,0.8086216560834198
0.800711494,0.7166398708717844
0.800034503,0.8904612276393236
0.912766667,0.806938070140775
0.850362069,0.9422119534990347
0.804640152,0.7764847244887124
0.750031898,0.783805576292286
0.800115819,0.7527819530801071
0.650148148,0.7859945336057992
0.858143939,0.7576709291980614
1.000602279,0.9298291347324372
0.700135088,0.67456800815524
0.550349708,0.5553323248385504
0.970816667,0.7070675306828684
0.800128721,0.7755663420246576
0.700250784,0.737792734827439
0.8300625,0.8440019071124752
0.750027778,0.7060179532100421
0.700588406,0.674634288402281
0.850532143,0.7631213721552469
0.750254867,0.6943679285763147
0.666515152,0.792805009598414
0.800071839,0.7742029881529062
0.8,0.6813072894268116
1.000230409,0.9682811020261878
0.664583333,0.7706580220917956
0.672140805,0.7467864975102287
0.750799435,0.7260637316867078
0.700246491,0.616059018051303
0.902222222,0.7307377040372054
0.75065101,0.6573395058314201
0.800309211,0.8738443872885757
0.80035194,0.8088324810562159
0.979527778,0.7814862374412321
0.817424242,0.7581274454394823
0.999924242,0.863147318730892
0.621971751,0.4938747265985213
0.557252451,0.7694134513196063
0.850502311,0.7499553128004722
0.801028213,0.8027151655624232
0.700164706,0.670599056678482
0.452979626,0.692115949893417
0.662270115,0.44380414073298724
0.809236111,0.8120760040806467
0.791458333,0.7084675099449376
0.581130952,0.6377449015430631
0.750395513,0.7846094794162275
0.750057359,0.7114417338302623
0.90063244,0.8310946855843263
0.900215716,0.7423126213389589
0.800401961,0.7421114685819069
0.799963218,0.7329648595306859
0.606912879,0.7530488822494068
0.650962281,0.5823253243645359
0.650407524,0.6194845401019604
0.601278409,0.7597938406110595
0.7,0.5797341878584708
0.687555556,0.729657873062562
0.466821212,0.6401267978008639
0.618181818,0.6568710748900721
0.500061916,0.64107614453342
0.800263218,0.846179138689212
0.800470513,0.8511415141786671
0.825444444,0.8496893428545053
0.888125,0.7507598053742055
0.722568627,0.774421085067392
0.700236601,0.7027454559701585
0.800023511,0.7661371015395563
0.286984568,0.679600853471245
0.971866667,0.8266049814180316
0.353259649,0.7111590014281259
0.520237649,0.5622347275173141
0.900833333,0.8403638160852117
0.313852814,0.7505634421045406
0.800117103,0.7464330031052996
0.688557555,0.576550254868598
0.806879167,0.693528537642252
0.7005417,0.7437205866134509
0.750062751,0.7454678088938727
0.953110048,0.7686991744402264
0.999995238,0.8041259346700045
0.997792208,0.7472688970551448
0.600125217,0.6198215460556666
0.576460393,0.5920698857663926
0.75065101,0.6890104737412024
0.700060345,0.7315602736364258
0.77011398,0.7226040258244703
0.653431373,0.7935774067265629
0.800128721,0.7909768133059114
0.70043672,0.6395875455720281
0.700614035,0.729398135935399
0.800125,0.8025470933439077
0.280333333,0.6561000987081697
0.799982853,0.6494759984880256
0.850410511,1.0320340886496129
0.707446429,0.6464355940579227
0.850502311,0.7503259054553819
0.800401961,0.748402497073189
0.828295455,0.7487841434650544
0.600291767,0.702493918549728
0.850502311,0.853879074838947
0.966759259,0.8831588181268213
0.800144144,0.7527176165474209
0.890604167,0.7957864604897036
0.725,0.7659649884806056
0.702777778,0.742380465050418
0.960625,0.784577439399184
0.465757576,0.7965306777810865
0.664583333,0.6803267624312709
0.964106061,0.753204065562712
0.749188312,0.6858209528234612
0.658541667,0.6780447378076142
0.7005417,0.7115546754431145
0.60059761,0.7106460221010529
0.721126957,0.6672032437747453
0.850364583,0.7972702904514182
0.937242424,0.7341742710294274
0.850522167,0.8319125595893617
0.603432184,0.5950010088006712
1.000230409,0.8322105827410065
0.700170388,0.732743454334494
0.600291767,0.6028691299197567
0.54175,0.7507443903294162
0.868888889,0.7546840585708146
0.365318713,0.5171892901032811
0.85011396,0.8459893169599689
0.271875,0.7613749898339581
0.858143939,0.7790738355502921
0.287041667,0.8115134128057085
0.417916667,0.6383332282843311
0.800401961,0.7454468076987855
0.750057359,0.6812565969614692
0.700422,0.6893235005430823
0.919125,0.8164818993439127
0.5814,0.8588399181399458
0.750293939,0.7415774010713123
0.7005417,0.7632126277610841
0.850415628,0.7438541324561667
0.771583333,0.7363552151261903
0.820833333,0.7959636070557775
1.02,0.7270581663678194
0.800034503,0.8689510975884
0.750473684,0.7624627687116479
0.902962963,0.778827673537262
0.750651724,0.751717746347424
0.483333333,0.8136215074091703
0.800020563,0.7057470274797499
0.955791667,0.7838575461467777
0.971866667,0.8700887871967338
0.966781346,0.8580416505024245
0.681060606,0.795421004198286
1.000446018,0.8400991253340702
0.500610909,0.48328430439208875
0.891723485,0.7405489672480072
0.800137255,0.7622081454699572
0.955151515,0.7478885070439
0.408960345,0.7035067840014172
0.700170388,0.7223297956493218
0.971866667,0.7746892830903565
0.950625,0.6674481128392226
0.715766667,0.7376867135840022
0.80000295,0.7473908586314547
