Customer_ID,Age,Tenure_Months,Monthly_Charges,Total_Charges,Support_Calls,Payment_Delays,Num_Products,Contract_Length,Has_Internet,Has_Streaming,Gender,Churn,Cancellation_Date
CUST_0001,56,15,84.59,1272.97,1,0,1,Yearly,Yes,Yes,Male,0,
CUST_0002,69,64,74.3,4945.13,1,0,1,Yearly,No,No,Male,0,
CUST_0003,46,28,93.68,2410.03,1,2,1,Yearly,Yes,Yes,Male,0,
CUST_0004,32,39,118.36,4727.82,5,1,4,Yearly,No,No,Female,0,
CUST_0005,60,57,114.44,7066.62,1,5,4,Monthly,Yes,No,Female,0,
CUST_0006,25,17,90.15,1470.98,2,2,3,Two-Year,Yes,No,Male,0,
CUST_0007,38,44,127.8,5765.61,1,2,3,Yearly,Yes,No,Female,0,
CUST_0008,56,25,78.86,2098.2,3,0,2,Monthly,Yes,Yes,Female,0,
CUST_0009,36,17,137.09,2336.03,7,2,3,Yearly,Yes,No,Male,1,1794182400000000000
CUST_0010,40,13,33.91,460.05,2,3,3,Monthly,Yes,No,Female,0,
CUST_0011,28,25,144.33,3471.87,3,3,1,Monthly,Yes,No,Female,1,1769731200000000000
CUST_0012,28,68,106.84,6983.32,2,2,1,Monthly,Yes,Yes,Female,0,
CUST_0013,41,10,72.51,749.4,0,1,3,Yearly,No,Yes,Female,0,
CUST_0014,53,67,49.64,3462.51,4,1,2,Two-Year,Yes,Yes,Male,0,
CUST_0015,57,18,84.9,1661.77,2,1,1,Yearly,No,Yes,Female,0,
CUST_0016,41,34,49.32,1584.6,2,1,3,Monthly,Yes,Yes,Female,0,
CUST_0017,20,8,45.79,363.99,3,1,3,Monthly,No,No,Female,1,1770076800000000000
CUST_0018,39,40,102.17,3882.88,4,2,4,Monthly,Yes,No,Male,0,
CUST_0019,19,42,90.39,3477.55,4,5,2,Monthly,Yes,No,Female,0,
CUST_0020,41,41,108.76,4372.86,0,1,4,Yearly,Yes,Yes,Female,0,
CUST_0021,61,6,141.2,825.86,1,1,2,Two-Year,Yes,Yes,Female,1,1786233600000000000
CUST_0022,47,52,91.53,4541.03,2,2,1,Monthly,Yes,No,Male,0,
CUST_0023,55,26,97.62,2435.07,1,1,2,Yearly,Yes,Yes,Male,0,
CUST_0024,19,64,36.2,2252.12,3,0,3,Two-Year,Yes,Yes,Male,0,
CUST_0025,38,59,114.7,7428.92,5,3,3,Monthly,Yes,No,Male,0,
CUST_0026,50,56,74.99,4437.09,3,3,2,Yearly,Yes,Yes,Male,0,
CUST_0027,29,59,147.09,7934.41,3,5,2,Yearly,Yes,Yes,Female,1,1775952000000000000
CUST_0028,39,70,127.9,9619.84,1,2,2,Yearly,Yes,No,Male,1,1780099200000000000
CUST_0029,61,33,90.31,3059.68,6,0,4,Monthly,No,Yes,Female,1,1798502400000000000
CUST_0030,42,53,40.4,2308.47,3,1,2,Yearly,Yes,No,Male,0,
CUST_0031,66,22,132.43,2821.23,2,3,1,Yearly,Yes,Yes,Male,1,1768348800000000000
CUST_0032,44,21,124.97,2605.75,1,4,4,Monthly,No,No,Male,1,1774656000000000000
CUST_0033,59,70,48.07,3631.55,1,4,4,Monthly,Yes,Yes,Female,0,
CUST_0034,45,70,61.91,4136.58,0,2,2,Monthly,Yes,No,Female,0,
CUST_0035,33,4,124.18,538.0,3,1,1,Two-Year,Yes,Yes,Female,1,1794182400000000000
CUST_0036,32,62,48.15,3181.43,3,1,4,Monthly,Yes,No,Male,0,
CUST_0037,64,62,139.72,9495.22,3,1,3,Yearly,Yes,Yes,Male,0,
CUST_0038,68,24,78.07,1807.82,3,0,4,Monthly,Yes,Yes,Male,0,
CUST_0039,61,55,35.88,1869.11,4,2,2,Monthly,Yes,No,Male,0,
CUST_0040,69,9,126.97,1104.08,5,2,1,Monthly,Yes,Yes,Male,0,
CUST_0041,20,3,71.69,234.63,5,0,2,Monthly,Yes,Yes,Male,0,
CUST_0042,54,31,90.81,2721.13,1,1,3,Monthly,No,Yes,Female,0,
CUST_0043,68,40,39.04,1581.97,4,2,3,Yearly,Yes,Yes,Female,1,1783123200000000000
CUST_0044,24,36,25.32,893.96,2,2,3,Monthly,No,Yes,Male,1,1791936000000000000
CUST_0045,38,24,104.75,2461.82,1,3,2,Monthly,No,Yes,Female,0,
CUST_0046,26,6,89.4,503.51,1,2,4,Monthly,Yes,Yes,Female,1,1788134400000000000
CUST_0047,56,66,99.19,6595.09,1,4,2,Yearly,Yes,No,Female,0,
CUST_0048,35,4,124.22,531.6,2,2,1,Yearly,Yes,Yes,Male,0,
CUST_0049,21,6,105.83,577.77,6,1,4,Yearly,No,Yes,Male,0,
CUST_0050,42,51,46.85,2575.35,1,0,3,Two-Year,Yes,No,Male,0,
CUST_0051,31,62,70.1,4490.04,3,2,2,Monthly,No,No,Male,0,
CUST_0052,67,57,138.24,8063.65,1,2,3,Monthly,Yes,Yes,Female,0,
CUST_0053,26,66,121.24,8203.33,5,3,3,Monthly,Yes,Yes,Male,1,1777766400000000000
CUST_0054,43,8,94.58,725.81,2,1,1,Monthly,Yes,No,Male,0,
CUST_0055,19,26,56.96,1455.83,2,2,4,Yearly,Yes,Yes,Male,0,
CUST_0056,37,51,62.76,3392.35,5,3,1,Monthly,Yes,Yes,Female,0,
CUST_0057,45,45,116.49,5039.06,2,0,1,Monthly,Yes,Yes,Female,0,
CUST_0058,64,44,131.4,5746.93,2,1,1,Monthly,Yes,No,Female,1,1789948800000000000
CUST_0059,24,5,108.93,492.32,3,3,3,Two-Year,Yes,Yes,Female,1,1789171200000000000
CUST_0060,61,70,126.19,9245.92,4,1,1,Two-Year,No,No,Female,0,
CUST_0061,25,26,120.83,3089.87,2,1,1,Monthly,No,No,Male,0,
CUST_0062,64,68,43.71,2987.35,2,4,4,Monthly,Yes,Yes,Female,0,
CUST_0063,52,19,77.99,1367.62,2,0,4,Yearly,Yes,No,Female,0,
CUST_0064,31,20,44.12,,1,2,1,Two-Year,Yes,Yes,Male,0,
CUST_0065,34,12,54.4,627.01,1,4,4,Monthly,Yes,No,Male,0,
CUST_0066,53,47,133.66,6451.62,2,2,4,Monthly,Yes,Yes,Male,0,
CUST_0067,67,1,84.11,85.48,6,2,1,Two-Year,Yes,Yes,Female,0,
CUST_0068,57,14,91.92,1360.26,2,2,3,Yearly,Yes,Yes,Male,0,
CUST_0069,21,64,47.31,2902.99,2,1,1,Monthly,No,Yes,Female,0,
CUST_0070,19,38,64.03,2557.68,6,1,4,Yearly,Yes,Yes,Male,0,
CUST_0071,23,37,53.78,1943.1,2,2,3,Two-Year,Yes,Yes,Female,0,
CUST_0072,59,11,50.77,548.55,7,1,2,Yearly,Yes,Yes,Female,0,
CUST_0073,21,3,104.75,325.1,4,2,3,Yearly,Yes,No,Female,0,
CUST_0074,46,33,57.11,1991.78,3,0,4,Yearly,Yes,Yes,Female,0,
CUST_0075,35,6,104.0,644.82,1,0,3,Monthly,Yes,No,Male,0,
CUST_0076,43,50,32.31,1744.7,4,2,1,Yearly,Yes,Yes,Male,1,1787097600000000000
CUST_0077,61,10,42.72,408.84,0,3,2,,No,Yes,Female,0,
CUST_0078,51,5,59.32,320.36,2,0,2,Two-Year,Yes,Yes,Male,0,
CUST_0079,27,23,99.63,2122.32,1,3,2,Monthly,No,Yes,Female,1,1797465600000000000
CUST_0080,53,10,109.48,1129.73,0,2,4,Two-Year,Yes,No,Male,0,
CUST_0081,31,44,80.34,3568.63,2,3,4,Monthly,No,Yes,Male,0,
CUST_0082,48,2,80.72,161.27,6,1,2,Monthly,Yes,No,Female,0,
CUST_0083,65,13,115.56,1445.47,1,2,3,Monthly,Yes,No,Female,0,
CUST_0084,32,40,26.98,1080.01,1,0,2,Yearly,Yes,Yes,Male,0,
CUST_0085,25,2,67.64,126.13,4,2,3,Yearly,Yes,No,Female,0,
CUST_0086,31,65,,8060.77,0,1,3,Yearly,Yes,Yes,Male,0,
CUST_0087,40,63,100.4,5817.52,5,0,4,Monthly,Yes,Yes,Male,0,
CUST_0088,57,17,67.15,1157.95,1,3,3,Monthly,Yes,No,Male,1,1789257600000000000
CUST_0089,38,9,,1143.16,1,1,2,Two-Year,Yes,Yes,Female,0,
CUST_0090,33,15,121.58,1699.81,3,2,4,Yearly,No,Yes,Female,0,
CUST_0091,62,24,58.11,1279.02,3,1,1,Yearly,Yes,Yes,Male,0,
CUST_0092,35,38,105.66,,2,0,1,Yearly,Yes,Yes,Female,0,
CUST_0093,64,35,99.47,3719.55,3,0,4,Yearly,Yes,Yes,Female,0,
CUST_0094,41,49,,3982.02,2,1,2,Monthly,Yes,Yes,Male,1,1791763200000000000
CUST_0095,43,69,70.87,4471.34,5,2,1,Yearly,Yes,Yes,Female,0,
CUST_0096,42,62,67.95,4326.27,3,1,1,Yearly,Yes,Yes,Female,0,
CUST_0097,62,60,102.14,6354.4,6,1,3,Two-Year,Yes,No,Male,0,
CUST_0098,58,50,80.3,4042.12,1,1,3,Yearly,Yes,Yes,Female,0,
CUST_0099,46,9,128.98,1199.59,4,0,2,Monthly,Yes,No,Male,0,
CUST_0100,32,34,108.7,3498.95,3,0,4,Monthly,Yes,No,Female,1,1775865600000000000
CUST_0101,62,35,33.74,1178.45,3,0,2,Monthly,Yes,No,Female,0,
CUST_0102,18,1,105.02,102.73,1,1,4,Monthly,Yes,No,Male,1,1770336000000000000
CUST_0103,42,40,58.89,2162.3,7,3,1,Yearly,Yes,Yes,Male,0,
CUST_0104,24,64,99.1,6501.67,2,1,3,Two-Year,No,Yes,Female,0,
CUST_0105,26,22,110.02,2418.12,6,2,2,Monthly,No,Yes,Male,0,
CUST_0106,41,60,53.85,3085.72,2,3,2,Monthly,Yes,No,Male,0,
CUST_0107,18,64,82.11,5227.38,2,0,4,Two-Year,Yes,No,Female,0,
CUST_0108,61,72,48.79,3706.3,9,1,4,Yearly,Yes,Yes,Male,0,
CUST_0109,25,11,31.54,367.87,2,2,2,Monthly,Yes,Yes,Female,0,
CUST_0110,41,14,72.31,1042.61,5,2,4,Yearly,Yes,No,Female,0,
CUST_0111,28,60,70.37,4194.96,0,5,2,Monthly,Yes,Yes,Male,0,
CUST_0112,68,30,149.44,4551.12,1,4,2,Monthly,Yes,Yes,Female,0,
CUST_0113,34,35,80.79,2762.62,0,2,2,Monthly,Yes,Yes,Male,1,1784505600000000000
CUST_0114,25,37,66.7,2283.58,3,1,1,Monthly,Yes,No,Female,0,
CUST_0115,52,5,97.56,476.64,1,0,4,Monthly,Yes,Yes,Male,0,
CUST_0116,52,26,36.1,944.29,3,2,3,Two-Year,Yes,Yes,Male,0,
CUST_0117,50,62,145.21,9180.98,0,2,3,Yearly,Yes,No,Female,0,
CUST_0118,22,4,104.37,453.87,3,3,4,Monthly,Yes,Yes,Male,0,
CUST_0119,59,42,119.35,5290.74,4,1,2,Monthly,Yes,No,Male,0,
CUST_0120,56,18,46.31,775.56,3,1,3,Monthly,Yes,Yes,Male,0,
CUST_0121,58,40,76.18,2848.63,6,1,3,Yearly,Yes,Yes,Female,0,
CUST_0122,45,72,77.84,5156.68,2,2,4,Yearly,Yes,No,Female,0,
CUST_0123,24,39,127.73,5218.77,2,0,3,Monthly,Yes,No,Male,1,1776988800000000000
CUST_0124,26,14,25.15,366.62,2,1,2,Monthly,Yes,Yes,Male,1,1787011200000000000
CUST_0125,25,32,62.61,2198.41,4,0,4,Yearly,Yes,Yes,Female,0,
CUST_0126,29,51,147.65,7563.32,0,2,2,Yearly,Yes,No,Female,0,
CUST_0127,51,38,84.36,3414.96,3,1,3,Monthly,Yes,Yes,Female,1,1770249600000000000
CUST_0128,50,23,72.82,1700.47,1,4,3,Yearly,No,No,Male,0,
CUST_0129,65,63,39.98,2707.19,1,1,2,Yearly,No,No,Female,0,
CUST_0130,40,15,146.77,2298.87,7,0,1,Monthly,Yes,Yes,Male,1,1769904000000000000
CUST_0131,41,25,27.5,707.15,1,1,3,Monthly,No,No,Female,0,
CUST_0132,54,17,117.15,2017.49,1,2,1,Monthly,Yes,Yes,Male,1,1780358400000000000
CUST_0133,52,66,121.07,8346.95,2,0,3,Two-Year,Yes,No,Female,0,
CUST_0134,61,53,55.46,2892.15,3,0,1,Two-Year,Yes,Yes,Male,0,
CUST_0135,57,51,108.94,5107.66,5,2,1,Two-Year,No,No,Female,0,
CUST_0136,39,39,36.62,1296.78,3,5,1,Yearly,Yes,No,Female,0,
CUST_0137,44,51,57.13,2901.41,3,0,2,Yearly,Yes,No,Male,0,
CUST_0138,52,70,123.49,8815.96,3,0,1,Yearly,Yes,No,Female,0,
CUST_0139,18,6,133.09,731.28,4,0,1,Two-Year,Yes,Yes,Female,1,1788048000000000000
CUST_0140,52,67,101.06,6482.44,3,3,1,Monthly,,Yes,Female,0,
CUST_0141,54,7,88.35,596.44,1,4,3,Monthly,Yes,No,Female,0,
CUST_0142,64,51,44.91,2319.18,1,3,1,Yearly,Yes,No,Male,0,
CUST_0143,31,72,32.89,2263.17,3,0,3,Yearly,Yes,No,Male,0,
CUST_0144,20,42,39.71,1532.94,1,1,1,Monthly,Yes,No,Female,0,
CUST_0145,18,64,53.42,3189.72,1,3,1,Yearly,Yes,Yes,Male,0,
CUST_0146,22,15,67.71,949.42,2,2,2,Yearly,Yes,Yes,Male,0,
CUST_0147,43,29,72.61,2250.01,3,1,3,Monthly,Yes,Yes,Male,0,
CUST_0148,31,33,68.29,2156.36,4,1,1,Yearly,Yes,No,Male,0,
CUST_0149,56,27,54.88,1545.38,2,3,3,Monthly,Yes,Yes,Male,0,
CUST_0150,44,36,88.72,3237.25,3,1,3,Two-Year,Yes,No,Female,0,
CUST_0151,26,29,128.16,4071.24,3,2,4,Monthly,Yes,Yes,Male,0,
CUST_0152,32,38,59.96,2174.96,0,2,2,Yearly,No,Yes,Female,0,
CUST_0153,32,57,142.8,7583.46,2,2,2,Monthly,No,Yes,Male,0,
CUST_0154,43,27,134.17,3298.03,3,0,2,Monthly,Yes,Yes,Female,0,
CUST_0155,59,55,45.22,2358.25,1,4,4,Yearly,Yes,No,Female,0,
CUST_0156,30,33,123.28,4218.01,4,1,4,Monthly,No,Yes,Female,0,
CUST_0157,68,68,96.82,6037.65,0,1,2,Monthly,No,Yes,Male,0,
CUST_0158,49,66,95.82,6001.21,1,0,4,Monthly,No,Yes,Male,0,
CUST_0159,56,10,73.88,791.3,2,2,4,Yearly,Yes,No,Female,0,
CUST_0160,66,5,87.64,445.47,4,0,4,Yearly,Yes,No,Female,1,1782432000000000000
CUST_0161,69,38,74.65,2592.47,1,1,2,Monthly,Yes,Yes,Male,0,
CUST_0162,49,13,92.47,1093.36,2,2,2,Yearly,Yes,No,Male,1,1791849600000000000
CUST_0163,21,31,103.49,2926.59,5,1,2,Yearly,Yes,Yes,Female,0,
CUST_0164,47,47,109.29,5590.58,7,0,4,Yearly,Yes,Yes,Male,0,
CUST_0165,54,52,91.56,,2,2,2,Monthly,Yes,No,Male,0,
CUST_0166,40,56,115.18,6895.06,5,0,4,Yearly,Yes,Yes,Male,0,
CUST_0167,56,15,42.66,694.19,3,0,1,Monthly,Yes,No,Male,0,
CUST_0168,62,29,51.5,1495.07,5,2,4,Monthly,Yes,Yes,Male,0,
CUST_0169,32,8,127.34,967.24,1,1,3,Monthly,Yes,No,Male,0,
CUST_0170,60,5,65.32,320.16,2,3,2,Yearly,Yes,Yes,Female,1,1796774400000000000
CUST_0171,46,29,27.86,843.31,4,3,2,Monthly,Yes,No,Female,0,
CUST_0172,53,47,44.22,2234.64,2,0,3,Two-Year,Yes,No,Female,0,
CUST_0173,30,68,52.95,3553.86,2,0,4,Monthly,Yes,Yes,Female,0,
CUST_0174,49,45,144.67,6556.22,6,2,1,Monthly,Yes,Yes,Female,1,1782172800000000000
CUST_0175,24,2,96.63,209.95,0,4,3,Monthly,Yes,Yes,Female,0,
CUST_0176,68,27,141.59,3522.83,7,1,3,Monthly,Yes,No,Male,1,1775692800000000000
CUST_0177,39,36,96.9,3741.17,4,3,4,Monthly,Yes,Yes,Male,0,
CUST_0178,45,36,84.92,2848.81,3,0,2,Monthly,Yes,Yes,Female,0,
CUST_0179,19,26,64.22,1664.33,2,3,4,Monthly,No,No,Female,0,
CUST_0180,59,43,100.8,4090.31,6,2,3,Monthly,Yes,Yes,Female,1,1783641600000000000
CUST_0181,62,27,42.4,1168.37,4,2,3,Monthly,Yes,No,Male,1,1794009600000000000
CUST_0182,23,69,137.28,9583.29,3,4,2,Monthly,Yes,Yes,Male,1,1781049600000000000
CUST_0183,45,20,128.67,2511.64,0,1,2,Yearly,Yes,Yes,Male,1,1776211200000000000
CUST_0184,45,11,64.69,763.29,2,3,2,Yearly,Yes,No,Male,0,
CUST_0185,61,38,144.1,5650.82,5,0,4,Yearly,No,No,Female,0,
CUST_0186,61,6,128.15,802.92,2,1,2,Monthly,Yes,Yes,Female,0,
CUST_0187,37,72,108.29,7252.13,2,1,3,Yearly,Yes,Yes,Female,0,
CUST_0188,47,23,40.22,995.95,2,2,3,Two-Year,Yes,Yes,Female,0,
CUST_0189,28,47,84.78,3719.31,3,1,1,Monthly,Yes,Yes,Male,1,1784332800000000000
CUST_0190,45,46,88.26,3834.86,3,0,4,,Yes,Yes,Male,0,
CUST_0191,42,12,54.07,600.57,3,2,1,Monthly,Yes,Yes,Female,0,
CUST_0192,56,13,35.0,449.57,3,3,3,Monthly,Yes,No,Male,0,
CUST_0193,50,62,122.09,8156.54,2,1,1,Monthly,Yes,No,Male,0,
CUST_0194,18,60,40.25,2295.43,2,3,3,Yearly,No,Yes,Male,0,
CUST_0195,44,43,99.29,4161.67,5,1,1,Monthly,Yes,Yes,Male,0,
CUST_0196,69,68,142.06,10328.69,1,1,2,Two-Year,Yes,Yes,Female,0,
CUST_0197,30,5,134.51,688.4,2,5,1,Monthly,Yes,Yes,Male,1,1771027200000000000
CUST_0198,58,37,59.72,2320.84,2,2,2,Monthly,Yes,No,Female,0,
CUST_0199,20,72,131.43,8921.68,0,0,2,Two-Year,Yes,No,Male,0,
CUST_0200,56,31,25.04,809.85,0,3,4,Yearly,,No,Male,0,
CUST_0201,23,9,,231.55,3,0,2,Monthly,Yes,No,Female,0,
CUST_0202,25,51,100.32,5614.97,1,1,2,Yearly,Yes,Yes,Female,0,
CUST_0203,44,29,70.6,2071.92,4,0,1,Yearly,Yes,Yes,Male,1,1796774400000000000
CUST_0204,26,40,73.31,3047.14,4,3,3,Monthly,Yes,No,Male,0,
CUST_0205,54,41,95.56,3618.94,1,1,4,Monthly,Yes,Yes,Female,0,
CUST_0206,50,11,48.97,511.81,6,1,2,Yearly,Yes,No,Male,0,
CUST_0207,68,23,51.47,1098.51,1,3,4,Monthly,No,No,Male,0,
CUST_0208,59,1,85.58,83.7,3,2,1,Monthly,Yes,No,Female,0,
CUST_0209,61,46,119.28,5250.0,3,2,2,Monthly,Yes,Yes,Male,0,
CUST_0210,41,21,102.44,2251.45,0,2,1,Monthly,Yes,Yes,Male,0,
CUST_0211,32,36,62.17,2062.97,1,2,4,Two-Year,Yes,No,Male,0,
CUST_0212,49,54,78.79,4469.15,1,2,1,Monthly,Yes,No,Male,0,
CUST_0213,49,57,46.33,2400.87,4,1,4,Two-Year,No,No,Male,0,
CUST_0214,41,1,34.33,32.28,1,1,1,Monthly,Yes,No,Female,0,
CUST_0215,58,63,122.84,8190.82,2,0,4,Monthly,No,Yes,Male,0,
CUST_0216,69,54,58.17,3293.7,0,0,3,Monthly,Yes,Yes,Female,0,
CUST_0217,66,55,47.22,2584.8,1,2,1,Yearly,Yes,Yes,Female,0,
CUST_0218,66,40,111.45,4056.76,4,0,1,Two-Year,Yes,Yes,Male,1,1793404800000000000
CUST_0219,69,15,102.26,1567.61,4,1,3,Monthly,Yes,No,Female,0,
CUST_0220,29,21,104.15,2146.35,3,1,3,Monthly,Yes,No,Male,1,1792713600000000000
CUST_0221,56,47,53.61,2427.21,1,2,1,Yearly,No,Yes,Female,0,
CUST_0222,19,53,54.08,2946.73,2,2,3,Yearly,Yes,Yes,Female,0,
CUST_0223,20,9,52.6,467.4,1,2,2,Monthly,No,Yes,Female,0,
CUST_0224,66,52,46.72,2231.4,3,0,4,Yearly,No,No,Male,0,
CUST_0225,54,57,106.97,,3,1,4,Yearly,No,Yes,Female,0,
CUST_0226,66,26,131.0,3595.71,0,5,4,Monthly,Yes,Yes,Female,0,
CUST_0227,34,41,115.54,4316.84,3,2,2,Monthly,Yes,Yes,Female,0,
CUST_0228,66,35,124.01,4362.11,2,1,3,Monthly,Yes,Yes,Male,1,1783468800000000000
CUST_0229,19,63,75.6,4365.94,3,1,3,Yearly,Yes,No,Male,0,
CUST_0230,19,25,106.76,2849.05,1,3,1,Yearly,Yes,Yes,Female,0,
CUST_0231,45,38,69.28,2692.15,3,2,3,Monthly,Yes,Yes,Female,0,
CUST_0232,40,2,90.69,169.5,0,1,1,Monthly,Yes,Yes,Female,1,1796688000000000000
CUST_0233,54,7,85.2,539.23,1,2,2,Monthly,No,Yes,Female,0,
CUST_0234,49,34,47.11,1451.68,3,2,4,Yearly,No,No,Male,0,
CUST_0235,50,17,73.38,1249.3,3,0,4,Monthly,Yes,Yes,Male,0,
CUST_0236,18,43,145.48,6548.87,3,1,4,Monthly,Yes,Yes,Male,0,
CUST_0237,36,59,56.07,3057.27,2,2,3,Monthly,Yes,No,Female,0,
CUST_0238,19,51,41.73,2009.6,3,1,1,Monthly,Yes,Yes,Male,0,
CUST_0239,61,54,77.32,4031.03,1,2,1,Monthly,,No,Female,0,
CUST_0240,43,24,123.79,2803.44,4,0,2,Monthly,Yes,Yes,Female,0,
CUST_0241,49,25,97.77,2391.13,3,1,3,Monthly,Yes,Yes,Female,1,1772064000000000000
CUST_0242,23,71,110.12,7911.74,1,1,2,Yearly,Yes,No,Male,0,
CUST_0243,49,52,48.71,2626.61,1,3,1,Monthly,Yes,No,Female,0,
CUST_0244,21,70,102.37,7830.57,2,1,1,Monthly,Yes,No,Male,0,
CUST_0245,28,33,65.44,2345.6,2,1,4,Yearly,No,Yes,Female,0,
CUST_0246,34,49,129.29,6424.06,2,0,3,Monthly,Yes,Yes,Male,0,
CUST_0247,55,29,103.66,3146.92,2,2,1,Yearly,Yes,Yes,Female,0,
CUST_0248,41,63,49.86,3424.43,2,0,4,Monthly,Yes,Yes,Male,0,
CUST_0249,22,22,33.08,667.13,1,3,3,Monthly,Yes,No,Female,0,
CUST_0250,69,26,30.33,710.61,1,0,2,Monthly,Yes,Yes,Male,0,
CUST_0251,51,28,71.43,1811.96,4,1,3,Monthly,Yes,Yes,Female,0,
CUST_0252,23,49,58.23,2889.42,0,2,3,Yearly,Yes,No,Female,0,
CUST_0253,39,71,105.76,7903.68,2,4,1,Monthly,Yes,Yes,Female,0,
CUST_0254,28,49,87.42,4169.7,3,1,1,Monthly,Yes,No,Male,1,1791590400000000000
CUST_0255,65,20,58.25,1175.54,3,4,3,Monthly,Yes,Yes,Female,0,
CUST_0256,33,63,43.65,2758.95,5,0,1,Monthly,Yes,Yes,Female,0,
CUST_0257,50,61,40.9,2292.7,1,1,1,Monthly,Yes,No,Female,0,
CUST_0258,26,49,133.08,6288.24,3,2,1,Monthly,Yes,Yes,Male,1,1779062400000000000
CUST_0259,23,71,55.43,3557.27,5,0,4,Monthly,Yes,Yes,Female,0,
CUST_0260,33,1,106.46,98.17,2,1,4,Yearly,No,No,Female,0,
CUST_0261,46,13,126.34,1744.86,1,3,3,Monthly,Yes,No,Male,0,
CUST_0262,20,51,101.76,5531.68,5,0,1,Yearly,No,No,Female,0,
CUST_0263,37,56,132.45,7865.12,5,1,4,Two-Year,Yes,No,Male,0,
CUST_0264,53,62,74.05,4799.37,1,1,3,Monthly,No,Yes,Female,0,
CUST_0265,36,32,144.53,4896.27,1,3,1,Yearly,Yes,No,Male,0,
CUST_0266,43,30,41.64,1291.92,0,1,2,Yearly,Yes,No,Male,0,
CUST_0267,20,29,37.77,1132.53,3,1,1,Monthly,No,Yes,Male,0,
CUST_0268,36,49,107.34,5435.71,1,4,1,Two-Year,Yes,No,Female,0,
CUST_0269,37,45,142.85,6446.3,1,1,4,Monthly,Yes,Yes,Female,0,
CUST_0270,49,30,126.11,3679.9,3,3,3,Monthly,Yes,Yes,Male,1,1771113600000000000
CUST_0271,24,16,34.55,578.25,5,0,3,Yearly,Yes,No,Female,0,
CUST_0272,69,40,59.92,2300.28,3,1,4,Monthly,Yes,Yes,Female,0,
CUST_0273,58,19,141.29,2707.54,0,1,1,Monthly,Yes,Yes,Male,0,
CUST_0274,50,18,56.63,1005.75,3,3,2,Monthly,No,Yes,Male,0,
CUST_0275,57,1,122.65,117.17,2,1,1,Yearly,Yes,No,Male,0,
CUST_0276,56,47,128.14,,1,1,1,Yearly,No,Yes,Male,0,
CUST_0277,35,66,86.93,5460.55,1,2,2,Yearly,No,Yes,Female,0,
CUST_0278,57,38,73.29,2678.8,1,2,4,Two-Year,Yes,No,Female,0,
CUST_0279,18,51,81.27,3864.24,1,1,3,Monthly,Yes,No,Female,0,
CUST_0280,28,63,53.37,3579.5,0,3,4,Monthly,Yes,Yes,Female,0,
CUST_0281,45,4,136.17,554.11,2,1,4,Yearly,Yes,No,Female,0,
CUST_0282,42,1,81.33,83.17,5,3,1,Yearly,Yes,No,Female,1,1773446400000000000
CUST_0283,67,8,135.31,1151.88,3,2,3,Monthly,Yes,No,Male,0,
CUST_0284,40,29,38.21,1073.28,4,1,3,Monthly,Yes,Yes,Female,0,
CUST_0285,48,55,148.53,7668.6,1,2,4,Yearly,Yes,No,Female,0,
CUST_0286,47,3,80.41,226.68,3,0,2,Two-Year,Yes,Yes,Female,0,
CUST_0287,59,32,30.98,1037.48,3,2,4,Yearly,,Yes,Male,0,
CUST_0288,52,10,29.75,304.29,2,4,2,Monthly,Yes,Yes,Male,0,
CUST_0289,24,34,118.28,3785.33,1,1,3,Two-Year,Yes,No,Female,0,
CUST_0290,33,55,107.38,5486.66,3,1,4,Two-Year,Yes,Yes,Male,0,
CUST_0291,43,32,125.27,3704.53,1,2,1,Monthly,No,Yes,Male,0,
CUST_0292,65,50,38.17,1957.28,2,2,4,Yearly,Yes,No,Female,0,
CUST_0293,69,7,29.45,185.54,0,2,3,Yearly,Yes,No,Female,0,
CUST_0294,66,8,88.57,640.3,1,3,1,Two-Year,Yes,No,Female,0,
CUST_0295,19,65,73.45,4668.79,2,2,1,Yearly,No,Yes,Male,0,
CUST_0296,18,57,82.74,4896.67,1,0,2,Yearly,Yes,Yes,Male,0,
CUST_0297,65,67,148.95,10368.93,5,0,1,Yearly,Yes,No,Female,0,
CUST_0298,29,59,146.34,8513.39,4,0,1,Monthly,No,Yes,Male,1,1771372800000000000
CUST_0299,22,72,142.79,10673.76,0,3,4,Yearly,Yes,No,Male,0,
CUST_0300,54,54,122.98,6668.94,2,2,3,Yearly,Yes,Yes,Male,0,
CUST_0301,49,67,69.36,5090.39,1,2,2,Two-Year,Yes,No,Female,0,
CUST_0302,26,51,76.52,3639.07,2,1,4,Monthly,No,Yes,Female,0,
CUST_0303,58,8,93.7,764.69,2,1,1,Yearly,Yes,Yes,Female,1,1776556800000000000
CUST_0304,52,34,128.82,4372.21,4,2,1,Monthly,Yes,No,Female,0,
CUST_0305,36,35,33.59,1103.81,1,1,2,Yearly,Yes,Yes,Female,0,
CUST_0306,65,32,78.04,2622.14,2,3,3,Yearly,Yes,Yes,Male,0,
CUST_0307,33,46,35.33,1552.21,3,3,2,Monthly,Yes,No,Male,0,
CUST_0308,20,16,89.33,1395.47,0,2,4,Monthly,,Yes,Male,0,
CUST_0309,37,68,137.36,9106.65,1,1,2,Monthly,Yes,Yes,Male,1,1780358400000000000
CUST_0310,41,37,122.81,4311.5,0,3,1,Monthly,Yes,Yes,Male,0,
CUST_0311,50,54,53.48,2847.9,4,4,4,Yearly,Yes,Yes,Male,0,
CUST_0312,41,14,147.0,2047.03,2,2,1,Monthly,Yes,Yes,Female,1,1792540800000000000
CUST_0313,69,55,108.42,6254.36,2,2,3,Monthly,Yes,No,Female,0,
CUST_0314,28,48,26.3,1329.32,3,0,1,Monthly,Yes,No,Male,0,
CUST_0315,66,7,56.93,371.3,1,1,1,Monthly,Yes,Yes,Female,0,
CUST_0316,25,7,57.59,410.61,6,1,2,Yearly,Yes,Yes,Male,1,1790467200000000000
CUST_0317,53,33,33.66,1198.8,4,0,1,Monthly,Yes,No,Male,0,
CUST_0318,55,23,144.98,3073.64,2,0,4,Two-Year,Yes,No,Female,0,
CUST_0319,57,19,84.78,1602.09,3,0,4,Monthly,Yes,Yes,Female,0,
CUST_0320,37,19,136.98,2732.93,5,0,3,Monthly,Yes,No,Male,0,
CUST_0321,52,36,65.28,2402.48,5,2,4,Monthly,Yes,No,Female,1,1785110400000000000
CUST_0322,65,29,40.65,1084.68,3,2,2,Yearly,No,Yes,Male,0,
CUST_0323,42,60,84.29,4952.82,2,0,3,Yearly,Yes,Yes,Male,0,
CUST_0324,52,2,39.24,78.59,1,6,4,,Yes,Yes,Male,0,
CUST_0325,42,1,85.75,94.25,3,2,2,Yearly,No,No,Male,0,
CUST_0326,46,47,140.04,6158.81,3,0,4,Monthly,Yes,No,Male,0,
CUST_0327,35,69,90.1,6816.74,4,3,4,Yearly,Yes,No,Female,0,
CUST_0328,63,20,102.06,1990.64,2,3,1,Two-Year,Yes,Yes,Male,0,
CUST_0329,35,11,44.58,460.99,2,1,4,Monthly,Yes,No,Female,1,1783296000000000000
CUST_0330,19,2,30.47,59.89,1,1,4,Monthly,Yes,No,Male,0,
CUST_0331,52,67,38.85,2662.29,6,1,2,Yearly,Yes,No,Female,0,
CUST_0332,33,12,99.82,1129.2,3,1,2,Monthly,Yes,Yes,Male,0,
CUST_0333,58,20,36.88,706.83,1,0,1,Two-Year,Yes,No,Female,0,
CUST_0334,53,5,72.0,385.53,3,2,4,Monthly,Yes,Yes,Male,0,
CUST_0335,50,37,93.76,3815.34,0,0,1,Monthly,No,No,Male,0,
CUST_0336,21,38,73.58,2694.36,3,3,4,Two-Year,Yes,No,Female,0,
CUST_0337,50,9,45.46,380.41,3,2,3,Yearly,Yes,Yes,Female,0,
CUST_0338,31,53,59.22,3322.69,4,2,3,Monthly,Yes,No,Female,0,
CUST_0339,38,44,141.04,6330.44,3,3,1,Two-Year,Yes,Yes,Female,1,1786060800000000000
CUST_0340,65,24,109.5,2417.97,2,0,1,Monthly,Yes,No,Female,0,
CUST_0341,37,30,87.01,2843.54,3,2,1,Monthly,Yes,Yes,Female,1,1771891200000000000
CUST_0342,25,59,26.59,1436.42,2,0,2,Two-Year,Yes,No,Male,0,
CUST_0343,24,14,149.05,2139.02,2,0,2,Monthly,Yes,No,Male,0,
CUST_0344,20,9,108.93,965.46,2,3,2,Monthly,Yes,Yes,Male,1,1770595200000000000
CUST_0345,34,40,64.62,2614.07,4,1,1,Monthly,Yes,Yes,Female,0,
CUST_0346,50,66,134.91,8393.35,0,2,4,Yearly,No,Yes,Female,0,
CUST_0347,65,25,57.3,1486.39,3,1,3,Monthly,No,Yes,Female,0,
CUST_0348,29,22,93.0,2234.12,3,0,1,Yearly,Yes,No,Male,0,
CUST_0349,68,4,104.51,414.56,2,3,2,Yearly,Yes,No,Female,0,
CUST_0350,39,26,52.63,1374.66,1,1,2,Monthly,Yes,No,Male,0,
CUST_0351,39,58,147.3,8098.82,7,0,1,Yearly,Yes,No,Female,1,1772496000000000000
CUST_0352,63,29,118.52,3706.46,8,1,1,Two-Year,No,Yes,Female,1,1785974400000000000
CUST_0353,47,37,94.73,3835.3,3,1,2,Monthly,Yes,No,Female,0,
CUST_0354,55,70,47.57,3520.57,3,2,4,Monthly,Yes,No,Male,0,
CUST_0355,55,18,31.73,,0,1,2,Monthly,No,Yes,Female,0,
CUST_0356,62,42,65.01,2979.87,1,1,2,Yearly,No,Yes,Male,0,
CUST_0357,68,41,119.15,4546.95,1,1,1,Two-Year,Yes,Yes,Female,0,
CUST_0358,25,38,58.67,2219.87,3,2,4,Monthly,Yes,No,Female,0,
CUST_0359,44,34,92.44,3166.6,1,2,2,Monthly,Yes,No,Female,0,
CUST_0360,44,17,115.99,1968.64,3,1,2,Monthly,Yes,No,Female,1,1791936000000000000
CUST_0361,51,37,38.49,1510.27,3,1,3,Yearly,Yes,Yes,Male,0,
CUST_0362,38,25,110.66,2860.78,1,1,1,Monthly,Yes,No,Female,0,
CUST_0363,47,27,36.48,911.41,2,3,3,,Yes,Yes,Male,0,
CUST_0364,50,57,145.64,8046.54,2,3,3,Monthly,Yes,No,Female,0,
CUST_0365,45,31,86.05,2581.7,1,1,2,Yearly,Yes,Yes,Female,0,
CUST_0366,64,6,43.83,266.43,3,2,1,Monthly,Yes,Yes,Female,0,
CUST_0367,50,40,67.8,2598.89,1,0,4,Yearly,Yes,No,Male,0,
CUST_0368,22,12,76.68,849.73,1,3,2,Monthly,Yes,No,Female,0,
CUST_0369,65,53,119.77,6542.92,3,0,4,,Yes,Yes,Male,0,
CUST_0370,36,71,117.93,8960.88,1,0,4,Monthly,Yes,Yes,Male,0,
CUST_0371,21,10,101.49,1102.51,5,1,1,Monthly,Yes,Yes,Female,1,1777766400000000000
CUST_0372,52,45,38.24,1883.44,2,1,3,Monthly,Yes,Yes,Male,0,
CUST_0373,66,17,43.95,789.16,1,2,1,Yearly,Yes,Yes,Female,0,
CUST_0374,34,26,36.72,885.92,3,2,4,Monthly,Yes,No,Male,0,
CUST_0375,61,62,97.15,6448.68,2,0,2,Monthly,Yes,No,Male,0,
CUST_0376,45,46,134.64,6069.52,3,0,4,Yearly,Yes,Yes,Male,0,
CUST_0377,47,64,79.23,5303.88,4,1,2,Yearly,Yes,No,Male,0,
CUST_0378,46,2,45.11,90.78,3,1,2,Monthly,Yes,Yes,Female,1,1786233600000000000
CUST_0379,63,54,94.76,5453.34,2,2,1,Yearly,Yes,Yes,Male,0,
CUST_0380,23,65,126.47,8098.07,2,0,4,Monthly,Yes,Yes,Female,0,
CUST_0381,52,51,117.71,5477.08,1,0,3,Yearly,No,No,Male,0,
CUST_0382,58,53,135.18,7245.96,1,2,4,Two-Year,Yes,Yes,Female,0,
CUST_0383,54,36,59.74,2009.25,2,1,4,Monthly,Yes,Yes,Female,0,
CUST_0384,41,26,49.24,1399.43,3,2,3,Yearly,Yes,Yes,Male,0,
CUST_0385,46,29,134.98,3935.53,1,0,1,Monthly,,Yes,Male,0,
CUST_0386,66,21,107.2,2275.31,1,2,4,Yearly,Yes,Yes,Female,0,
CUST_0387,63,11,63.87,759.8,3,0,4,Yearly,Yes,No,Male,0,
CUST_0388,48,40,117.79,4829.0,0,3,2,Two-Year,Yes,No,Male,0,
CUST_0389,52,11,126.89,1340.72,2,1,4,Monthly,Yes,No,Male,0,
CUST_0390,50,36,101.87,3517.76,1,0,3,Monthly,Yes,Yes,Male,0,
CUST_0391,69,59,110.99,6550.48,1,5,2,Monthly,No,Yes,Male,0,
CUST_0392,38,39,71.91,3010.12,5,2,1,Two-Year,Yes,Yes,Male,0,
CUST_0393,49,54,92.34,5280.29,2,1,2,Yearly,Yes,Yes,Male,0,
CUST_0394,40,55,90.52,5439.36,2,3,3,Yearly,Yes,No,Male,0,
CUST_0395,50,24,131.01,2875.02,5,0,3,Monthly,Yes,Yes,Male,1,1798588800000000000
CUST_0396,20,22,130.0,2727.48,2,3,2,Two-Year,Yes,Yes,Female,0,
CUST_0397,35,69,129.09,8159.37,0,3,1,Yearly,Yes,No,Male,0,
CUST_0398,42,56,26.38,1551.46,3,5,2,Yearly,Yes,Yes,Male,0,
CUST_0399,59,33,118.69,3635.42,1,1,1,Monthly,Yes,No,Male,0,
CUST_0400,48,36,119.83,3968.67,6,1,2,Monthly,Yes,Yes,Male,0,
CUST_0401,20,20,109.8,2223.09,6,3,3,Yearly,Yes,No,Male,0,
CUST_0402,57,62,119.53,7279.67,2,1,4,Yearly,Yes,Yes,Female,0,
CUST_0403,63,26,130.25,3532.19,2,0,4,Monthly,Yes,No,Female,0,
CUST_0404,41,66,83.79,5515.78,2,0,1,Yearly,No,Yes,Male,0,
CUST_0405,67,40,87.76,3457.98,2,1,1,Monthly,Yes,No,Female,0,
CUST_0406,49,17,40.59,679.75,3,1,1,Yearly,Yes,Yes,Male,0,
CUST_0407,64,1,73.17,78.61,1,7,3,Monthly,Yes,No,Male,0,
CUST_0408,39,61,105.42,6295.87,1,1,2,,Yes,Yes,Female,0,
CUST_0409,40,43,122.55,5094.06,3,4,3,Monthly,Yes,Yes,Female,0,
CUST_0410,19,42,52.15,2119.57,2,2,4,Monthly,Yes,No,Female,0,
CUST_0411,44,25,42.23,991.69,2,1,1,Monthly,No,No,Female,0,
CUST_0412,59,39,107.88,4510.83,1,1,2,Yearly,Yes,Yes,Female,0,
CUST_0413,19,35,25.23,820.64,5,2,4,Monthly,Yes,No,Male,0,
CUST_0414,43,3,47.3,153.5,6,1,4,Monthly,Yes,Yes,Male,0,
CUST_0415,34,44,28.63,1205.17,0,3,4,Monthly,Yes,No,Male,0,
CUST_0416,57,51,45.86,2525.7,2,3,3,Monthly,Yes,No,Female,0,
CUST_0417,50,12,47.66,605.19,3,6,1,Monthly,Yes,Yes,Male,0,
CUST_0418,26,19,73.46,1418.63,4,2,4,Monthly,Yes,No,Female,0,
CUST_0419,60,44,75.29,3425.04,3,2,1,Yearly,Yes,No,Male,0,
CUST_0420,65,59,134.28,7646.57,3,2,3,Monthly,No,Yes,Female,0,
CUST_0421,56,49,88.76,4413.81,3,0,4,Yearly,Yes,No,Female,0,
CUST_0422,46,61,115.43,6748.88,2,2,3,Monthly,No,Yes,Male,0,
CUST_0423,59,17,38.02,633.71,5,3,3,Monthly,Yes,No,Male,0,
CUST_0424,43,57,53.18,3191.71,2,2,1,Monthly,Yes,No,Male,0,
CUST_0425,52,55,112.87,5889.92,1,2,4,Two-Year,Yes,Yes,Male,0,
CUST_0426,67,47,31.6,1585.85,3,3,3,Yearly,Yes,No,Female,0,
CUST_0427,42,12,85.82,1004.28,3,1,4,Yearly,Yes,No,Male,0,
CUST_0428,41,62,99.92,6234.9,2,1,1,Monthly,Yes,No,Female,0,
CUST_0429,30,8,,873.06,3,2,3,Yearly,Yes,Yes,Male,1,1793404800000000000
CUST_0430,24,21,27.87,606.49,2,1,1,Monthly,Yes,Yes,Male,0,
CUST_0431,53,70,65.26,4701.23,3,1,4,Monthly,,No,Male,0,
CUST_0432,62,72,104.56,7846.93,1,2,4,Yearly,Yes,Yes,Male,0,
CUST_0433,37,25,43.62,1181.69,1,1,1,Monthly,Yes,Yes,Male,0,
CUST_0434,18,12,111.93,1275.6,0,3,2,Two-Year,Yes,No,Female,0,
CUST_0435,25,15,,1813.77,0,1,3,Monthly,Yes,Yes,Male,0,
CUST_0436,63,59,147.75,8543.59,2,3,4,Two-Year,Yes,No,Female,1,1779667200000000000
CUST_0437,33,26,51.23,1201.94,2,2,4,Yearly,Yes,No,Male,0,
CUST_0438,31,26,128.14,,1,2,3,Yearly,Yes,No,Female,0,
CUST_0439,29,47,90.04,4083.76,4,0,1,Monthly,Yes,Yes,Male,0,
CUST_0440,68,32,71.68,2323.58,1,2,1,Monthly,Yes,Yes,Male,0,
CUST_0441,40,10,40.3,433.75,1,1,1,Two-Year,No,Yes,Male,0,
CUST_0442,32,16,116.94,1979.98,2,5,2,Monthly,No,No,Female,0,
CUST_0443,45,71,54.48,3909.34,3,2,2,Yearly,Yes,Yes,Female,0,
CUST_0444,51,17,71.43,1110.82,4,3,4,Two-Year,No,No,Male,0,
CUST_0445,19,23,32.82,,1,5,1,Monthly,Yes,No,Male,1,1784160000000000000
CUST_0446,49,26,125.17,3167.66,3,3,3,Yearly,Yes,No,Male,0,
CUST_0447,40,7,120.82,866.33,2,1,4,Yearly,Yes,Yes,Female,0,
CUST_0448,39,14,116.7,1491.63,4,2,3,Monthly,Yes,Yes,Male,0,
CUST_0449,68,7,62.43,439.65,2,1,4,Monthly,Yes,No,Female,1,1795219200000000000
CUST_0450,42,9,46.69,453.95,2,2,2,Monthly,Yes,Yes,Male,0,
CUST_0451,39,48,104.69,5231.58,2,1,4,Monthly,No,Yes,Female,0,
CUST_0452,39,72,87.02,6637.7,1,1,2,Yearly,Yes,Yes,Female,0,
CUST_0453,66,59,47.28,2890.88,1,1,4,Monthly,Yes,No,Female,0,
CUST_0454,69,39,110.74,4065.42,2,5,1,Two-Year,Yes,No,Male,0,
CUST_0455,59,18,148.89,2471.24,1,0,3,Monthly,Yes,No,Female,0,
CUST_0456,23,59,118.4,7445.94,5,3,1,Yearly,Yes,No,Male,0,
CUST_0457,32,17,117.5,2075.6,3,1,4,Yearly,Yes,Yes,Female,1,1776124800000000000
CUST_0458,60,14,143.79,2043.28,1,2,4,Monthly,No,No,Male,0,
CUST_0459,54,31,50.37,1464.43,0,3,4,Monthly,Yes,Yes,Female,0,
CUST_0460,50,24,95.69,2344.03,2,4,2,Yearly,Yes,No,Female,1,1778976000000000000
CUST_0461,25,60,147.46,8018.26,3,0,3,Two-Year,Yes,Yes,Male,0,
CUST_0462,61,45,45.66,1898.07,1,1,3,Monthly,Yes,Yes,Male,0,
CUST_0463,61,3,112.53,324.89,2,3,4,,No,Yes,Female,0,
CUST_0464,22,37,98.23,3593.61,6,1,4,Monthly,Yes,Yes,Female,0,
CUST_0465,56,43,98.31,3906.53,2,0,2,Monthly,Yes,No,Male,0,
CUST_0466,21,40,112.21,4147.23,0,3,1,Yearly,Yes,Yes,Female,1,1793491200000000000
CUST_0467,23,55,141.2,8116.86,4,0,1,Yearly,Yes,Yes,Female,0,
CUST_0468,62,39,122.82,4856.77,6,3,3,Monthly,Yes,Yes,Male,0,
CUST_0469,49,15,32.02,483.54,2,2,2,,Yes,No,Male,0,
CUST_0470,69,4,131.59,521.35,1,2,4,Monthly,Yes,Yes,Male,0,
CUST_0471,47,25,53.19,1456.49,2,3,3,Yearly,Yes,No,Female,0,
CUST_0472,64,13,72.11,853.02,1,1,2,Monthly,Yes,Yes,Female,0,
CUST_0473,52,33,82.72,2555.4,1,3,1,Monthly,Yes,Yes,Female,1,1793577600000000000
CUST_0474,57,16,85.11,1401.93,1,0,2,Monthly,Yes,Yes,Male,0,
CUST_0475,69,42,79.4,3092.27,4,2,1,Monthly,Yes,No,Female,0,
CUST_0476,33,66,142.17,9550.96,4,3,2,Yearly,No,No,Male,0,
CUST_0477,30,55,113.25,6313.16,3,1,3,Yearly,Yes,Yes,Male,0,
CUST_0478,67,42,103.9,4774.87,3,0,1,Monthly,Yes,No,Female,0,
CUST_0479,59,34,31.23,1143.24,3,3,3,Yearly,Yes,No,Male,0,
CUST_0480,47,30,137.99,4508.59,2,0,3,Monthly,Yes,Yes,Female,0,
CUST_0481,36,13,138.67,1663.4,6,1,1,Yearly,Yes,No,Male,0,
CUST_0482,34,13,122.53,1710.17,3,0,1,Monthly,Yes,Yes,Male,0,
CUST_0483,36,18,25.88,431.28,2,1,4,Monthly,Yes,No,Male,0,
CUST_0484,45,32,32.16,1056.48,1,1,4,Monthly,Yes,Yes,Female,0,
CUST_0485,43,39,53.15,2164.09,2,0,4,Yearly,Yes,Yes,Male,0,
CUST_0486,54,46,41.42,1776.08,3,0,3,Yearly,No,Yes,Female,0,
CUST_0487,43,29,74.85,2228.24,5,1,3,Monthly,Yes,No,Male,0,
CUST_0488,40,62,140.33,7921.7,2,1,4,Monthly,Yes,No,Male,0,
CUST_0489,26,62,84.01,4993.26,1,1,3,Monthly,No,No,Male,0,
CUST_0490,29,57,26.68,1648.86,0,0,3,Yearly,Yes,Yes,Female,0,
CUST_0491,18,16,60.34,902.06,1,2,1,Yearly,Yes,Yes,Female,0,
CUST_0492,18,56,30.57,1563.08,0,2,1,Monthly,Yes,Yes,Female,0,
CUST_0493,64,10,29.54,292.07,3,1,3,Monthly,Yes,Yes,Female,0,
CUST_0494,51,30,59.46,1908.89,4,2,4,Yearly,Yes,Yes,Female,0,
CUST_0495,49,25,59.45,1360.42,2,3,2,Monthly,Yes,No,Male,0,
CUST_0496,65,5,123.39,599.12,1,1,4,Monthly,Yes,No,Male,0,
CUST_0497,42,65,146.85,10308.44,5,1,2,Monthly,Yes,Yes,Female,1,1791936000000000000
CUST_0498,57,49,71.4,3231.42,0,3,4,Monthly,Yes,No,Female,0,
CUST_0499,62,3,78.61,226.9,4,0,1,Monthly,Yes,No,Female,0,
CUST_0500,18,45,130.6,6204.26,2,0,3,Yearly,Yes,No,Female,0,
CUST_0501,33,14,58.52,826.36,5,1,3,Monthly,Yes,No,Male,0,
CUST_0502,56,30,44.55,1425.33,2,3,1,Yearly,Yes,No,Female,0,
CUST_0503,22,68,131.64,8256.16,0,3,2,Monthly,Yes,No,Female,0,
CUST_0504,39,18,30.81,601.23,5,1,2,Yearly,Yes,Yes,Female,0,
CUST_0505,46,62,102.46,6905.08,2,0,2,Yearly,Yes,Yes,Female,0,
CUST_0506,20,37,95.25,3281.3,1,5,1,Yearly,Yes,No,Male,0,
CUST_0507,29,25,68.24,1546.96,7,2,2,Monthly,Yes,Yes,Male,0,
CUST_0508,43,48,64.4,3394.04,1,2,1,Monthly,Yes,Yes,Female,0,
CUST_0509,33,65,121.48,7868.17,3,1,4,Monthly,Yes,Yes,Male,0,
CUST_0510,68,53,35.8,1924.75,4,3,4,Yearly,Yes,No,Male,0,
CUST_0511,54,15,54.6,837.99,4,2,1,Monthly,Yes,No,Female,0,
CUST_0512,39,49,116.56,6042.32,0,1,3,Two-Year,Yes,Yes,Female,0,
CUST_0513,46,68,93.54,6757.61,1,1,4,Two-Year,Yes,Yes,Male,0,
CUST_0514,31,12,41.0,461.88,3,3,2,Monthly,Yes,No,Male,0,
CUST_0515,45,59,135.27,7560.55,1,2,1,Two-Year,Yes,Yes,Male,0,
CUST_0516,22,37,74.18,2951.52,0,1,2,Monthly,Yes,Yes,Male,0,
CUST_0517,64,61,128.48,8338.11,1,0,2,Monthly,No,No,Male,1,1780876800000000000
CUST_0518,66,43,123.46,5433.66,6,2,3,Monthly,Yes,Yes,Female,1,1779235200000000000
CUST_0519,47,70,103.05,7927.2,7,1,2,Yearly,Yes,Yes,Male,0,
CUST_0520,63,39,86.81,3544.84,1,2,3,Monthly,Yes,No,Male,1,1788825600000000000
CUST_0521,69,56,147.44,7787.39,1,2,4,Two-Year,Yes,Yes,Male,1,1774656000000000000
CUST_0522,22,63,43.12,2904.9,2,2,1,Monthly,Yes,No,Male,0,
CUST_0523,29,46,115.64,5228.73,2,2,2,Monthly,Yes,Yes,Male,0,
CUST_0524,33,11,48.9,488.0,2,1,1,Yearly,Yes,Yes,Male,0,
CUST_0525,43,62,,4022.38,2,3,2,Monthly,Yes,Yes,Male,0,
CUST_0526,43,25,63.59,1673.55,0,4,1,Monthly,Yes,Yes,Male,0,
CUST_0527,65,71,143.38,11116.96,7,2,2,Yearly,Yes,No,Female,0,
CUST_0528,38,52,145.92,7248.11,2,1,2,Monthly,No,No,Female,1,1782432000000000000
CUST_0529,56,4,47.88,181.81,4,1,2,Monthly,Yes,No,Male,0,
CUST_0530,53,59,27.75,1658.08,1,1,2,Monthly,No,Yes,Female,0,
CUST_0531,50,72,115.0,8796.15,2,2,2,Monthly,Yes,No,Female,0,
CUST_0532,47,20,77.25,1621.18,2,3,2,Two-Year,No,Yes,Female,0,
CUST_0533,54,63,36.11,2302.21,4,1,2,Yearly,Yes,No,Female,0,
CUST_0534,40,54,110.47,6122.14,5,0,2,Monthly,Yes,No,Female,0,
CUST_0535,27,57,93.14,5035.14,4,2,2,Monthly,Yes,Yes,Female,0,
CUST_0536,22,41,147.56,5968.38,7,1,1,Monthly,No,Yes,Male,1,1787788800000000000
CUST_0537,53,3,53.43,152.45,5,1,3,Two-Year,Yes,Yes,Male,0,
CUST_0538,51,6,75.5,487.83,6,1,2,Monthly,Yes,No,Female,0,
CUST_0539,69,5,92.82,428.14,3,2,3,Monthly,No,No,Male,0,
CUST_0540,48,5,123.96,642.08,3,2,2,Yearly,Yes,Yes,Female,0,
CUST_0541,27,54,93.6,4812.08,2,2,2,Two-Year,Yes,Yes,Male,0,
CUST_0542,36,47,101.61,4752.34,4,0,1,Monthly,No,Yes,Male,0,
CUST_0543,49,49,53.27,2505.51,2,2,4,Monthly,Yes,No,Male,0,
CUST_0544,18,9,130.86,1136.11,3,0,4,Monthly,Yes,Yes,Female,0,
CUST_0545,22,20,78.58,1496.29,2,2,1,Monthly,Yes,Yes,Male,0,
CUST_0546,62,61,42.62,2731.26,1,3,3,Yearly,Yes,Yes,Male,0,
CUST_0547,21,35,108.02,3679.16,3,2,4,Yearly,Yes,No,Female,0,
CUST_0548,33,50,52.01,2718.23,1,1,1,Yearly,No,Yes,Female,0,
CUST_0549,41,62,37.2,2286.14,4,1,1,Monthly,Yes,No,Male,0,
CUST_0550,33,17,132.75,,2,1,4,Monthly,Yes,Yes,Female,0,
CUST_0551,19,3,82.52,249.7,3,2,3,Monthly,Yes,Yes,Male,0,
CUST_0552,66,32,118.66,4158.49,2,3,1,Monthly,Yes,Yes,Male,0,
CUST_0553,45,13,61.32,775.97,1,2,2,Yearly,Yes,Yes,Female,0,
CUST_0554,49,68,123.37,7898.7,3,0,3,Monthly,Yes,Yes,Female,0,
CUST_0555,44,14,38.99,590.82,3,4,3,Monthly,Yes,Yes,Male,0,
CUST_0556,37,11,69.5,714.78,2,1,4,Monthly,Yes,No,Female,1,1786579200000000000
CUST_0557,41,56,147.26,8798.13,6,2,4,Monthly,Yes,Yes,Male,0,
CUST_0558,29,67,124.25,7742.38,1,1,2,Monthly,Yes,Yes,Female,0,
CUST_0559,67,29,87.16,2607.88,2,1,1,Yearly,Yes,No,Female,0,
CUST_0560,52,9,67.47,564.79,0,1,4,Monthly,Yes,No,Female,0,
CUST_0561,50,67,134.02,9739.15,3,3,4,Yearly,Yes,No,Female,0,
CUST_0562,50,25,93.11,2358.01,2,3,3,Monthly,Yes,No,Female,0,
CUST_0563,68,42,119.8,4859.79,1,2,4,Monthly,Yes,Yes,Male,0,
CUST_0564,60,9,119.26,996.13,1,2,4,Two-Year,Yes,No,Male,0,
CUST_0565,54,40,27.24,1061.53,1,1,4,Monthly,Yes,Yes,Male,0,
CUST_0566,29,25,40.78,1061.3,4,1,4,Yearly,Yes,Yes,Female,0,
CUST_0567,20,5,107.45,524.89,5,1,3,Monthly,Yes,Yes,Male,0,
CUST_0568,18,11,45.2,471.95,1,0,2,Monthly,Yes,Yes,Male,0,
CUST_0569,50,59,56.94,3411.47,0,3,2,Yearly,Yes,Yes,Female,0,
CUST_0570,57,38,143.33,5357.02,2,1,1,Two-Year,Yes,Yes,Female,1,1792454400000000000
CUST_0571,27,72,95.02,6384.17,4,3,4,Yearly,Yes,Yes,Female,0,
CUST_0572,60,5,118.84,553.08,3,2,3,Yearly,Yes,Yes,Male,1,1785974400000000000
CUST_0573,61,48,94.75,4736.71,3,0,1,Monthly,No,Yes,Male,0,
CUST_0574,46,18,94.06,1853.81,2,5,1,Yearly,Yes,Yes,Female,0,
CUST_0575,30,70,36.77,2436.5,1,0,2,Yearly,No,Yes,Male,0,
CUST_0576,29,37,67.96,2651.89,2,0,3,Monthly,Yes,Yes,Male,0,
CUST_0577,48,60,60.3,3319.59,1,6,3,Monthly,Yes,No,Female,0,
CUST_0578,63,48,73.84,3460.37,2,2,3,Yearly,Yes,Yes,Male,0,
CUST_0579,19,28,124.79,3498.79,3,2,2,Monthly,Yes,No,Female,0,
CUST_0580,68,69,71.49,4704.66,1,0,2,Monthly,Yes,No,Male,0,
CUST_0581,67,40,81.46,3277.68,6,3,2,Two-Year,Yes,Yes,Female,0,
CUST_0582,52,45,74.67,3617.28,2,0,2,Monthly,Yes,No,Male,0,
CUST_0583,40,62,36.68,2476.3,1,1,2,Monthly,Yes,Yes,Male,0,
CUST_0584,34,58,80.13,4276.25,2,0,4,Yearly,Yes,Yes,Female,0,
CUST_0585,43,67,49.45,3161.97,2,2,4,Monthly,Yes,No,Female,0,
CUST_0586,25,56,48.34,2966.45,3,0,3,Yearly,Yes,Yes,Female,0,
CUST_0587,46,40,36.75,1402.5,1,1,1,Monthly,Yes,No,Female,0,
CUST_0588,43,40,69.58,2890.47,2,2,3,Monthly,No,No,Male,0,
CUST_0589,27,33,119.69,3755.01,2,1,1,Monthly,Yes,Yes,Female,0,
CUST_0590,43,6,59.56,347.09,2,2,2,Two-Year,Yes,Yes,Female,0,
CUST_0591,51,19,64.04,1141.63,2,1,1,Monthly,Yes,Yes,Female,0,
CUST_0592,68,40,105.33,4513.43,2,3,3,Monthly,No,Yes,Female,0,
CUST_0593,58,59,49.48,3142.73,4,2,3,Monthly,Yes,Yes,Female,1,1782259200000000000
CUST_0594,24,59,137.12,7761.48,0,1,1,Monthly,Yes,No,Male,0,
CUST_0595,21,48,90.02,4600.6,3,2,4,Monthly,Yes,Yes,Female,0,
CUST_0596,67,41,80.95,3224.85,4,1,2,Monthly,Yes,Yes,Female,0,
CUST_0597,62,13,94.73,1132.73,0,1,2,Monthly,Yes,Yes,Female,0,
CUST_0598,28,45,45.75,2165.01,1,1,3,Monthly,Yes,No,Male,0,
CUST_0599,46,53,101.68,5492.99,2,1,4,Yearly,No,Yes,Male,0,
CUST_0600,53,42,70.39,2822.98,1,3,1,Yearly,Yes,Yes,Male,0,
CUST_0601,42,63,137.15,8213.61,4,1,2,Monthly,Yes,No,Female,1,1783555200000000000
CUST_0602,38,27,46.11,1363.4,2,1,4,Monthly,Yes,Yes,Female,0,
CUST_0603,53,38,88.38,3601.93,5,1,2,Yearly,Yes,Yes,Male,0,
CUST_0604,27,60,99.76,6356.47,3,1,4,Yearly,Yes,No,Male,0,
CUST_0605,54,7,29.17,189.0,2,2,4,Monthly,Yes,No,Female,0,
CUST_0606,26,5,70.46,370.28,3,0,3,Two-Year,Yes,Yes,Female,0,
CUST_0607,41,45,116.58,4946.59,4,0,2,Monthly,Yes,Yes,Female,0,
CUST_0608,52,58,127.55,8104.24,5,2,1,Monthly,Yes,No,Male,1,1771027200000000000
CUST_0609,66,31,64.15,1810.5,4,2,3,Monthly,Yes,Yes,Female,0,
CUST_0610,52,23,124.82,2785.96,1,3,3,Two-Year,Yes,No,Female,0,
CUST_0611,65,42,145.97,6043.25,1,2,1,Monthly,Yes,Yes,Male,0,
CUST_0612,53,10,132.11,1406.76,1,3,3,Yearly,No,Yes,Male,1,1769990400000000000
CUST_0613,35,32,39.71,1338.38,2,2,4,Monthly,Yes,Yes,Male,0,
CUST_0614,66,53,117.47,6070.25,1,2,4,Monthly,Yes,No,Female,0,
CUST_0615,56,30,64.96,1974.35,1,0,2,Monthly,No,No,Male,0,
CUST_0616,49,39,148.55,6182.3,6,4,2,Yearly,Yes,No,Male,1,1780444800000000000
CUST_0617,41,31,85.67,2399.86,3,0,1,Monthly,No,No,Female,0,
CUST_0618,40,2,40.3,85.47,3,1,2,Monthly,Yes,Yes,Female,0,
CUST_0619,49,12,115.65,1511.84,2,1,4,Monthly,Yes,Yes,Male,0,
CUST_0620,54,39,65.38,2311.19,4,1,1,Two-Year,Yes,No,Female,0,
CUST_0621,29,66,149.63,8978.05,2,1,1,Monthly,No,No,Male,0,
CUST_0622,66,13,147.47,1857.49,1,0,2,Monthly,Yes,No,Female,0,
CUST_0623,30,46,107.02,4517.04,4,1,4,Monthly,No,No,Female,0,
CUST_0624,40,27,41.23,1108.6,2,0,1,Two-Year,Yes,Yes,Male,0,
CUST_0625,42,17,110.86,1970.83,5,1,4,Two-Year,Yes,Yes,Male,0,
CUST_0626,52,60,36.63,2227.21,0,1,4,Yearly,Yes,No,Male,0,
CUST_0627,58,64,28.67,1723.48,2,1,4,Monthly,Yes,Yes,Female,0,
CUST_0628,47,35,127.87,4614.02,3,2,2,Monthly,No,Yes,Male,0,
CUST_0629,34,70,51.22,3717.96,2,4,3,Two-Year,No,No,Female,0,
CUST_0630,66,30,72.38,,3,2,3,Monthly,Yes,Yes,Female,0,
CUST_0631,37,71,146.68,9678.61,2,2,1,Monthly,Yes,No,Male,0,
CUST_0632,65,63,67.11,4390.57,3,1,4,Monthly,Yes,Yes,Female,0,
CUST_0633,42,28,62.06,1880.67,1,1,2,Two-Year,Yes,No,Female,0,
CUST_0634,39,60,139.78,8389.42,2,0,4,Monthly,Yes,No,Male,0,
CUST_0635,30,37,38.84,1397.36,2,2,4,Yearly,,No,Female,1,1797465600000000000
CUST_0636,36,22,119.95,2465.13,2,1,2,Yearly,Yes,Yes,Female,0,
CUST_0637,66,68,148.51,10839.49,6,1,3,Monthly,Yes,Yes,Male,0,
CUST_0638,53,20,137.66,2694.97,2,5,4,Monthly,Yes,Yes,Male,1,1796688000000000000
CUST_0639,29,68,106.46,7854.45,1,0,4,Two-Year,Yes,Yes,Female,0,
CUST_0640,58,64,64.26,4398.68,2,2,3,Two-Year,Yes,No,Female,0,
CUST_0641,36,17,56.79,941.61,2,1,2,Yearly,Yes,Yes,Female,0,
CUST_0642,29,12,127.41,1551.52,4,1,1,Yearly,Yes,Yes,Female,0,
CUST_0643,26,22,134.98,2688.74,2,2,3,Monthly,Yes,Yes,Male,0,
CUST_0644,24,17,90.68,1468.56,2,5,1,Two-Year,Yes,No,Female,1,1790208000000000000
CUST_0645,45,10,55.54,578.76,3,1,1,Monthly,Yes,Yes,Female,0,
CUST_0646,31,65,39.12,2633.28,4,1,3,Yearly,Yes,No,Female,0,
CUST_0647,48,22,,766.64,3,0,4,Two-Year,No,No,Female,0,
CUST_0648,69,50,114.88,6098.53,4,2,1,Yearly,Yes,No,Male,0,
CUST_0649,36,14,77.51,1027.81,3,2,1,Yearly,Yes,No,Female,0,
CUST_0650,64,64,138.17,8774.38,0,1,2,Yearly,Yes,Yes,Male,0,
CUST_0651,33,47,117.46,5490.29,3,3,4,Monthly,Yes,No,Male,0,
CUST_0652,22,29,48.91,1373.23,0,1,1,Yearly,Yes,Yes,Male,0,
CUST_0653,52,36,101.72,3994.91,3,2,2,Monthly,Yes,No,Male,0,
CUST_0654,29,52,79.44,4293.38,3,2,4,Monthly,Yes,No,Male,0,
CUST_0655,42,7,97.16,685.45,3,1,3,Monthly,Yes,Yes,Female,0,
CUST_0656,69,29,117.26,3407.69,0,0,3,Monthly,Yes,Yes,Male,0,
CUST_0657,38,11,125.77,1289.2,0,1,2,Yearly,Yes,Yes,Male,0,
CUST_0658,53,33,130.47,4195.45,2,3,3,Two-Year,Yes,No,Male,1,1789862400000000000
CUST_0659,40,6,56.75,352.27,2,2,1,Monthly,No,Yes,Female,0,
CUST_0660,33,32,28.89,1002.98,2,3,4,Monthly,Yes,Yes,Male,0,
CUST_0661,56,51,117.41,6366.9,2,0,1,Monthly,Yes,Yes,Female,0,
CUST_0662,62,58,38.29,2132.16,3,1,1,Two-Year,Yes,Yes,Male,0,
CUST_0663,59,26,64.36,1651.26,0,3,3,Monthly,No,No,Male,0,
CUST_0664,56,46,25.48,1074.31,0,1,1,Yearly,Yes,No,Female,0,
CUST_0665,31,29,110.21,2941.79,1,2,3,Two-Year,Yes,Yes,Female,0,
CUST_0666,48,4,45.89,182.47,3,0,4,Monthly,Yes,Yes,Female,0,
CUST_0667,22,13,106.91,1398.23,1,0,4,Two-Year,Yes,Yes,Male,0,
CUST_0668,52,39,148.97,5535.64,4,2,1,Two-Year,Yes,Yes,Female,0,
CUST_0669,40,15,34.08,525.8,4,1,2,Two-Year,Yes,No,Female,0,
CUST_0670,46,29,34.63,1045.12,1,2,3,Monthly,Yes,Yes,Female,0,
CUST_0671,60,29,67.55,1880.25,3,1,3,Monthly,Yes,Yes,Female,0,
CUST_0672,28,32,133.3,4486.07,6,0,1,Two-Year,Yes,No,Female,0,
CUST_0673,35,2,51.94,97.76,3,0,3,Monthly,Yes,No,Male,0,
CUST_0674,64,47,70.05,3321.49,0,1,3,Yearly,Yes,Yes,Female,0,
CUST_0675,29,22,33.56,783.25,2,1,2,,Yes,Yes,Male,0,
CUST_0676,26,27,120.39,3274.59,2,3,2,Monthly,Yes,Yes,Female,1,1781568000000000000
CUST_0677,27,67,76.04,5510.37,5,1,1,Monthly,Yes,No,Female,0,
CUST_0678,61,56,119.91,6122.03,3,1,2,Yearly,Yes,No,Male,0,
CUST_0679,34,21,137.95,2948.12,3,2,1,Monthly,Yes,Yes,Male,1,1780790400000000000
CUST_0680,55,47,54.1,2574.11,4,7,4,Yearly,,Yes,Male,0,
CUST_0681,24,59,125.92,7667.54,0,1,1,Monthly,Yes,No,Male,0,
CUST_0682,63,6,32.39,207.3,1,5,4,Yearly,Yes,No,Female,1,1781654400000000000
CUST_0683,30,19,137.36,2727.73,1,1,1,Yearly,Yes,No,Male,1,1777161600000000000
CUST_0684,57,57,106.35,6413.89,1,0,3,Monthly,Yes,Yes,Female,1,1781222400000000000
CUST_0685,59,69,134.28,8873.98,1,3,2,Monthly,Yes,Yes,Female,0,
CUST_0686,26,3,25.02,73.37,2,0,4,Monthly,Yes,Yes,Female,0,
CUST_0687,67,1,46.14,47.31,1,1,1,Monthly,Yes,Yes,Male,0,
CUST_0688,44,58,73.72,4321.48,1,1,2,Yearly,Yes,No,Male,0,
CUST_0689,19,38,72.44,3006.58,1,1,1,Monthly,No,Yes,Male,0,
CUST_0690,22,15,53.34,749.99,3,1,2,Monthly,Yes,Yes,Female,1,1791849600000000000
CUST_0691,46,34,72.7,2398.28,3,0,2,Yearly,Yes,No,Male,0,
CUST_0692,54,61,41.11,2544.2,1,0,1,Monthly,Yes,Yes,Male,1,1770768000000000000
CUST_0693,55,35,,2878.3,2,1,4,Two-Year,Yes,No,Female,0,
CUST_0694,36,64,125.29,8707.11,0,3,4,Monthly,No,Yes,Male,0,
CUST_0695,25,25,84.88,2052.41,4,1,3,Two-Year,Yes,No,Female,0,
CUST_0696,65,24,27.25,597.38,3,3,2,Monthly,Yes,Yes,Male,0,
CUST_0697,62,12,77.68,917.55,3,0,3,Monthly,Yes,No,Male,0,
CUST_0698,18,18,28.4,500.4,5,2,3,Monthly,Yes,Yes,Male,1,1776211200000000000
CUST_0699,39,15,145.78,2399.46,2,0,1,Monthly,Yes,Yes,Male,1,1791763200000000000
CUST_0700,69,27,40.93,,1,0,1,Monthly,No,No,Male,0,
CUST_0701,34,72,113.46,7851.71,1,1,1,Monthly,Yes,Yes,Female,0,
CUST_0702,24,60,146.6,8559.17,3,2,2,Yearly,Yes,Yes,Male,0,
CUST_0703,42,46,128.25,5777.88,2,0,1,Monthly,Yes,No,Male,0,
CUST_0704,62,17,112.41,2033.86,5,1,1,Yearly,Yes,No,Male,1,1798675200000000000
CUST_0705,21,53,129.93,6309.24,1,3,2,Monthly,No,Yes,Male,0,
CUST_0706,53,8,147.72,1138.39,3,2,2,Two-Year,Yes,Yes,Male,1,1788220800000000000
CUST_0707,23,27,102.67,3030.63,3,2,4,Monthly,Yes,Yes,Male,0,
CUST_0708,48,46,94.9,4062.53,3,0,1,Monthly,Yes,Yes,Male,0,
CUST_0709,36,50,103.53,5427.67,2,0,1,Monthly,Yes,No,Female,0,
CUST_0710,61,71,91.58,6315.43,0,1,1,Monthly,Yes,No,Female,0,
CUST_0711,56,3,104.39,318.29,2,1,4,Monthly,Yes,Yes,Male,0,
CUST_0712,44,64,81.23,4782.35,1,3,1,Monthly,Yes,No,Female,0,
CUST_0713,27,44,52.31,2212.53,4,4,4,Yearly,Yes,No,Male,1,1794441600000000000
CUST_0714,43,53,40.03,2121.96,1,1,3,Two-Year,Yes,No,Female,0,
CUST_0715,36,24,33.54,761.77,4,5,4,Monthly,Yes,Yes,Male,0,
CUST_0716,56,60,57.91,3503.7,2,0,3,Two-Year,Yes,Yes,Male,0,
CUST_0717,20,3,30.77,87.14,1,2,1,Two-Year,Yes,No,Female,0,
CUST_0718,62,20,,1975.58,1,0,3,Two-Year,Yes,Yes,Male,0,
CUST_0719,30,46,60.48,3007.07,2,5,4,Monthly,Yes,Yes,Female,0,
CUST_0720,67,15,128.07,1761.79,4,5,2,Monthly,Yes,Yes,Male,1,1791676800000000000
CUST_0721,45,25,34.28,808.43,2,0,3,Monthly,Yes,Yes,Male,1,1792713600000000000
CUST_0722,37,71,53.29,4044.22,5,0,3,Yearly,Yes,Yes,Male,0,
CUST_0723,45,17,116.28,2028.77,1,0,1,Monthly,Yes,No,Male,1,1767744000000000000
CUST_0724,25,9,99.85,822.93,3,0,4,Monthly,No,Yes,Female,1,1795910400000000000
CUST_0725,58,38,33.06,1252.85,1,0,3,Monthly,Yes,Yes,Male,0,
CUST_0726,56,48,134.65,6088.02,3,1,3,Monthly,Yes,No,Female,0,
CUST_0727,18,60,134.66,7593.36,3,1,3,Yearly,No,Yes,Female,0,
CUST_0728,20,63,66.3,4545.01,3,4,3,Monthly,Yes,Yes,Male,0,
CUST_0729,30,2,67.55,142.17,1,0,2,Yearly,Yes,No,Male,0,
CUST_0730,45,72,148.63,11121.35,2,1,4,Yearly,No,Yes,Female,0,
CUST_0731,66,11,103.27,1076.66,1,2,1,Monthly,Yes,No,Female,0,
CUST_0732,42,64,91.41,5403.95,2,0,1,Monthly,Yes,No,Male,0,
CUST_0733,50,72,129.77,10036.41,3,1,2,,No,Yes,Female,1,1793059200000000000
CUST_0734,55,21,60.66,1147.97,3,1,4,Monthly,Yes,Yes,Female,0,
CUST_0735,23,18,,1384.02,2,0,3,Monthly,No,No,Female,0,
CUST_0736,61,64,58.47,3575.64,3,0,2,Monthly,Yes,Yes,Male,0,
CUST_0737,62,38,123.65,4764.84,3,0,4,,Yes,No,Female,0,
CUST_0738,49,32,96.67,2939.08,4,1,3,Yearly,Yes,No,Female,0,
CUST_0739,62,11,107.35,1136.26,2,2,2,Monthly,No,Yes,Female,0,
CUST_0740,64,45,56.54,2722.42,4,3,4,Monthly,Yes,Yes,Female,0,
CUST_0741,38,33,52.53,1769.27,2,2,1,Monthly,Yes,Yes,Male,0,
CUST_0742,33,41,86.05,3278.04,4,2,1,Yearly,Yes,Yes,Male,0,
CUST_0743,38,8,117.2,980.07,3,3,4,Monthly,Yes,No,Female,0,
CUST_0744,28,11,90.65,938.81,4,5,1,Yearly,Yes,No,Female,0,
CUST_0745,54,51,29.08,1463.21,1,0,4,Monthly,No,No,Female,0,
CUST_0746,53,41,133.57,5636.95,2,2,3,Yearly,Yes,Yes,Male,0,
CUST_0747,52,17,33.09,536.87,0,2,4,Monthly,Yes,No,Male,0,
CUST_0748,36,46,144.48,6492.03,1,1,3,Yearly,Yes,No,Female,0,
CUST_0749,37,32,28.14,942.65,3,0,2,Monthly,Yes,No,Female,0,
CUST_0750,35,54,111.81,6566.54,3,1,4,Yearly,Yes,Yes,Male,0,
CUST_0751,64,20,35.28,709.73,1,1,2,Monthly,Yes,No,Female,0,
CUST_0752,58,33,138.83,4132.39,6,3,1,Monthly,Yes,No,Female,0,
CUST_0753,66,40,83.05,3214.68,5,1,3,Monthly,Yes,Yes,Male,1,1781308800000000000
CUST_0754,31,32,42.19,1322.71,4,4,4,Yearly,Yes,No,Male,0,
CUST_0755,32,2,67.6,130.85,2,0,2,Yearly,Yes,Yes,Male,0,
CUST_0756,48,33,45.6,1485.62,0,1,3,Monthly,Yes,Yes,Male,0,
CUST_0757,18,30,46.32,,4,1,3,Yearly,Yes,No,Male,0,
CUST_0758,20,33,143.51,4376.98,4,1,1,Yearly,,Yes,Female,0,
CUST_0759,33,26,80.66,2001.79,4,3,1,Two-Year,Yes,No,Male,0,
CUST_0760,40,22,123.6,2723.36,2,2,3,Yearly,Yes,No,Male,0,
CUST_0761,28,66,,6671.21,4,0,3,Yearly,Yes,Yes,Male,0,
CUST_0762,29,38,109.55,4571.77,5,1,4,Monthly,Yes,Yes,Male,0,
CUST_0763,27,46,41.46,1881.01,3,5,3,Yearly,Yes,No,Male,0,
CUST_0764,49,15,,874.26,1,0,4,Yearly,Yes,No,Male,0,
CUST_0765,33,44,123.34,5857.33,3,2,3,Two-Year,Yes,No,Female,0,
CUST_0766,25,49,146.35,7653.06,5,3,1,Monthly,Yes,No,Male,1,1794009600000000000
CUST_0767,55,61,57.83,3207.95,5,1,4,Monthly,Yes,Yes,Female,0,
CUST_0768,29,67,58.95,4303.34,2,0,2,Monthly,Yes,Yes,Female,0,
CUST_0769,41,6,84.11,467.19,2,1,1,Yearly,Yes,No,Male,1,1792886400000000000
CUST_0770,45,9,147.98,1207.8,3,1,4,Two-Year,Yes,Yes,Male,0,
CUST_0771,25,6,58.62,345.7,5,1,4,Monthly,No,Yes,Female,0,
CUST_0772,45,32,75.87,2279.56,0,1,2,Yearly,No,No,Female,0,
CUST_0773,53,41,136.44,5240.72,1,2,4,Yearly,Yes,No,Female,0,
CUST_0774,43,8,25.37,194.35,4,0,3,Yearly,Yes,No,Male,0,
CUST_0775,25,72,29.97,2049.26,1,1,2,Monthly,Yes,Yes,Female,0,
CUST_0776,67,50,100.51,5211.24,1,1,1,Yearly,Yes,No,Male,0,
CUST_0777,45,62,138.42,8044.42,3,1,1,Monthly,Yes,No,Male,1,1783728000000000000
CUST_0778,45,62,54.86,3430.65,4,2,3,Yearly,No,No,Female,0,
CUST_0779,54,7,83.71,642.98,4,2,1,Monthly,Yes,No,Male,0,
CUST_0780,58,4,81.31,320.84,0,4,4,Monthly,No,Yes,Male,0,
CUST_0781,53,6,84.12,519.04,2,1,4,Yearly,Yes,No,Female,0,
CUST_0782,44,58,102.81,6522.75,4,3,3,Monthly,Yes,No,Female,0,
CUST_0783,34,22,83.72,1708.36,3,2,1,Monthly,Yes,Yes,Male,1,1769472000000000000
CUST_0784,26,26,80.93,2069.93,2,1,1,Yearly,No,Yes,Female,0,
CUST_0785,50,3,84.29,270.58,2,1,3,Monthly,Yes,No,Male,0,
CUST_0786,37,41,98.86,4403.71,3,0,2,Monthly,Yes,Yes,Female,0,
CUST_0787,30,60,92.13,5639.72,1,0,1,Monthly,Yes,Yes,Female,0,
CUST_0788,45,14,131.77,1713.22,4,0,2,Monthly,Yes,Yes,Female,1,1795046400000000000
CUST_0789,65,12,31.19,404.33,1,4,1,Monthly,Yes,Yes,Female,0,
CUST_0790,46,12,129.16,1449.0,1,0,1,Monthly,Yes,Yes,Male,0,
CUST_0791,30,13,130.49,1646.46,2,1,1,Two-Year,Yes,Yes,Female,1,1780185600000000000
CUST_0792,63,25,60.61,1477.52,0,0,1,Monthly,Yes,No,Male,0,
CUST_0793,52,45,82.86,3689.39,0,1,4,Monthly,Yes,No,Male,0,
CUST_0794,23,19,79.82,1604.59,1,0,2,Monthly,Yes,No,Female,0,
CUST_0795,35,55,52.31,3050.91,2,0,2,,Yes,Yes,Female,0,
CUST_0796,68,45,74.6,3504.48,2,1,1,Yearly,Yes,No,Female,0,
CUST_0797,22,8,30.55,221.04,0,1,1,Yearly,,No,Female,0,
CUST_0798,64,53,59.73,3206.75,2,4,2,Monthly,No,No,Female,1,1798070400000000000
CUST_0799,42,55,127.09,7335.94,2,1,4,Monthly,No,Yes,Male,0,
CUST_0800,19,32,60.57,1916.77,3,0,3,Monthly,Yes,Yes,Female,0,
CUST_0801,27,51,127.28,7068.92,2,0,3,Yearly,Yes,No,Male,0,
CUST_0802,47,44,91.45,4284.39,1,4,2,Yearly,Yes,No,Male,0,
CUST_0803,67,70,134.98,9709.67,4,2,1,Monthly,Yes,No,Male,0,
CUST_0804,62,18,96.85,1590.74,3,4,1,Monthly,Yes,No,Male,0,
CUST_0805,22,22,28.71,650.86,1,1,4,Yearly,Yes,Yes,Female,0,
CUST_0806,50,37,109.43,4382.2,3,0,3,Two-Year,Yes,No,Female,0,
CUST_0807,18,56,30.61,1672.83,1,1,4,Two-Year,Yes,Yes,Male,0,
CUST_0808,35,59,81.32,5122.34,5,1,3,Monthly,Yes,No,Male,0,
CUST_0809,49,3,141.18,407.71,3,0,2,Monthly,Yes,No,Female,1,1775088000000000000
CUST_0810,64,28,45.65,1296.12,1,3,3,Monthly,Yes,No,Male,0,
CUST_0811,66,35,73.73,2657.15,2,2,4,Yearly,Yes,Yes,Female,0,
CUST_0812,28,61,116.23,7342.43,1,3,4,Two-Year,Yes,Yes,Male,0,
CUST_0813,38,54,135.28,7864.03,3,1,4,Monthly,No,No,Female,0,
CUST_0814,43,63,108.87,6494.77,2,1,2,Monthly,Yes,No,Male,0,
CUST_0815,42,7,57.27,381.84,2,0,3,Monthly,Yes,No,Male,0,
CUST_0816,39,49,109.33,5575.79,1,2,3,Monthly,Yes,Yes,Male,1,1789257600000000000
CUST_0817,44,31,62.09,1800.52,4,2,4,Monthly,Yes,Yes,Female,0,
CUST_0818,66,58,114.8,6610.82,0,2,3,Yearly,Yes,No,Female,0,
CUST_0819,30,61,144.25,7954.58,0,3,1,Monthly,Yes,No,Female,1,1781222400000000000
CUST_0820,50,24,115.17,2565.61,2,3,1,Monthly,Yes,No,Male,1,1796860800000000000
CUST_0821,51,20,132.86,2752.25,2,0,1,Yearly,Yes,Yes,Male,1,1772236800000000000
CUST_0822,58,37,25.26,980.88,1,2,3,Monthly,Yes,No,Male,0,
CUST_0823,52,4,114.7,,4,1,2,Monthly,,Yes,Male,0,
CUST_0824,18,20,128.7,2433.82,1,3,2,Monthly,Yes,No,Male,1,1783296000000000000
CUST_0825,38,60,30.07,1659.47,1,2,2,Two-Year,No,No,Male,0,
CUST_0826,65,24,133.95,3171.99,3,1,2,Yearly,Yes,Yes,Female,0,
CUST_0827,23,50,57.09,2641.05,5,0,1,Monthly,Yes,Yes,Female,1,1795996800000000000
CUST_0828,45,49,108.16,5233.38,1,2,1,Monthly,Yes,No,Female,0,
CUST_0829,34,51,125.04,6673.06,2,0,4,Monthly,Yes,No,Male,0,
CUST_0830,22,36,107.83,4024.26,1,2,3,Yearly,Yes,Yes,Female,0,
CUST_0831,48,66,36.54,2305.75,4,1,3,Yearly,Yes,Yes,Male,0,
CUST_0832,22,34,99.54,3501.98,2,1,2,Two-Year,,No,Male,1,1771459200000000000
CUST_0833,55,36,93.7,3661.75,5,0,1,Monthly,Yes,No,Female,0,
CUST_0834,20,6,137.54,800.07,2,1,2,Two-Year,Yes,Yes,Male,1,1776038400000000000
CUST_0835,40,39,75.53,2845.0,4,0,4,Two-Year,,No,Male,0,
CUST_0836,54,42,65.14,2774.97,2,1,3,Two-Year,Yes,Yes,Male,0,
CUST_0837,54,58,118.73,6535.83,3,3,3,Yearly,Yes,Yes,Male,0,
CUST_0838,27,12,76.58,946.82,1,0,2,Monthly,Yes,Yes,Male,0,
CUST_0839,27,3,105.76,338.36,1,3,4,Monthly,Yes,No,Female,0,
CUST_0840,36,18,105.81,1889.08,4,1,3,Monthly,No,Yes,Female,0,
CUST_0841,34,40,136.0,5635.3,3,1,4,Monthly,Yes,No,Male,0,
CUST_0842,38,21,99.84,2160.33,3,0,4,Yearly,Yes,Yes,Male,0,
CUST_0843,31,15,87.77,1195.08,1,4,2,Yearly,No,No,Female,0,
CUST_0844,26,26,42.36,1031.63,6,1,1,Two-Year,Yes,No,Female,0,
CUST_0845,63,8,39.47,340.61,2,1,2,Monthly,Yes,No,Female,0,
CUST_0846,18,42,44.29,2023.46,1,1,1,Monthly,Yes,No,Male,0,
CUST_0847,68,44,46.48,2159.83,0,2,4,Yearly,Yes,No,Female,0,
CUST_0848,62,14,104.73,1589.75,4,3,1,Monthly,Yes,No,Female,0,
CUST_0849,30,2,117.62,226.12,1,1,4,Monthly,Yes,Yes,Male,0,
CUST_0850,21,37,91.25,3205.89,4,5,3,Two-Year,Yes,Yes,Male,1,1785801600000000000
CUST_0851,18,69,,8670.09,4,1,3,Yearly,Yes,No,Female,0,
CUST_0852,66,38,148.91,5155.35,1,1,3,Monthly,Yes,Yes,Male,1,1777248000000000000
CUST_0853,57,41,127.5,,1,1,2,Yearly,Yes,Yes,Female,0,
CUST_0854,49,62,111.86,7606.9,1,5,2,Yearly,Yes,Yes,Female,0,
CUST_0855,51,60,91.56,5849.62,2,2,4,Yearly,Yes,Yes,Male,0,
CUST_0856,45,14,81.11,1148.03,4,2,3,Yearly,Yes,No,Male,0,
CUST_0857,48,2,35.55,68.19,2,1,2,Monthly,Yes,Yes,Female,0,
CUST_0858,25,70,74.92,4927.32,1,2,3,Yearly,Yes,No,Male,0,
CUST_0859,56,17,138.77,2294.95,1,4,2,Monthly,No,No,Male,1,1771891200000000000
CUST_0860,43,28,126.0,3645.81,6,1,1,Monthly,Yes,No,Male,1,1774396800000000000
CUST_0861,51,66,52.01,3396.32,1,3,1,Two-Year,Yes,Yes,Male,0,
CUST_0862,20,35,83.33,3169.74,2,1,3,Monthly,No,Yes,Male,0,
CUST_0863,67,5,127.09,680.47,2,3,4,Yearly,Yes,No,Male,0,
CUST_0864,29,65,33.42,1999.56,1,0,2,Yearly,Yes,No,Male,0,
CUST_0865,18,40,73.42,2720.37,0,1,2,Two-Year,Yes,No,Female,0,
CUST_0866,61,56,131.48,7622.41,3,0,1,Two-Year,Yes,Yes,Male,0,
CUST_0867,22,36,75.49,2571.31,4,0,1,Monthly,Yes,No,Female,0,
CUST_0868,47,45,34.7,1652.39,3,2,4,Monthly,Yes,No,Male,0,
CUST_0869,47,23,92.82,2173.87,4,0,4,Monthly,Yes,Yes,Female,0,
CUST_0870,34,47,132.72,5900.79,3,2,4,Monthly,Yes,No,Male,0,
CUST_0871,65,31,98.79,3049.44,0,5,3,Monthly,Yes,No,Female,1,1786665600000000000
CUST_0872,64,11,53.28,575.07,6,2,1,Yearly,Yes,No,Male,0,
CUST_0873,40,10,73.03,784.8,2,1,3,Yearly,Yes,Yes,Female,0,
CUST_0874,32,67,81.27,4935.61,4,1,1,Two-Year,Yes,No,Male,0,
CUST_0875,54,14,97.41,1471.71,1,1,1,Yearly,Yes,No,Male,0,
CUST_0876,38,10,119.92,1235.68,3,1,2,Yearly,Yes,No,Female,0,
CUST_0877,31,1,37.36,39.13,0,1,1,Monthly,Yes,No,Female,0,
CUST_0878,19,5,136.21,613.3,1,2,1,Monthly,Yes,No,Male,1,1780876800000000000
CUST_0879,28,20,26.54,544.41,4,1,3,Monthly,Yes,No,Female,0,
CUST_0880,68,8,71.26,,3,5,1,Yearly,Yes,No,Female,1,1786924800000000000
CUST_0881,56,43,28.43,1231.59,0,0,3,Monthly,Yes,Yes,Male,0,
CUST_0882,55,1,74.12,78.36,3,3,4,Yearly,No,Yes,Female,0,
CUST_0883,51,57,90.73,5229.4,1,2,1,Yearly,No,Yes,Male,0,
CUST_0884,55,64,88.96,6100.06,0,0,1,Monthly,Yes,Yes,Female,0,
CUST_0885,67,28,45.7,1211.18,4,2,3,Monthly,Yes,Yes,Male,0,
CUST_0886,51,37,105.72,4151.02,2,5,4,Monthly,Yes,Yes,Female,0,
CUST_0887,35,47,30.6,1345.96,3,1,2,Monthly,Yes,No,Male,0,
CUST_0888,47,37,120.24,4727.48,2,2,4,Yearly,Yes,Yes,Male,0,
CUST_0889,32,49,143.33,7641.86,3,3,3,Yearly,No,Yes,Female,0,
CUST_0890,44,44,67.47,2871.13,2,1,4,Yearly,Yes,Yes,Female,0,
CUST_0891,68,56,89.65,5050.41,4,0,3,Yearly,Yes,No,Male,0,
CUST_0892,51,28,72.36,2090.24,2,1,3,Yearly,,Yes,Male,0,
CUST_0893,69,6,25.84,142.0,7,0,2,Two-Year,Yes,Yes,Female,0,
CUST_0894,55,61,73.23,4461.74,3,1,1,Monthly,Yes,Yes,Female,0,
CUST_0895,50,20,123.97,2410.27,2,1,3,Yearly,Yes,No,Female,0,
CUST_0896,41,2,99.5,213.82,3,3,3,Monthly,Yes,No,Female,1,1792454400000000000
CUST_0897,32,37,37.66,1498.39,0,2,2,Monthly,Yes,No,Female,0,
CUST_0898,47,20,130.89,2722.92,2,3,3,Monthly,Yes,Yes,Female,0,
CUST_0899,59,26,91.39,2450.14,1,2,1,Yearly,Yes,No,Male,0,
CUST_0900,68,29,130.22,3952.88,3,1,2,Monthly,Yes,No,Female,1,1793577600000000000
CUST_0901,34,1,97.53,94.92,2,1,1,,Yes,Yes,Female,1,1779321600000000000
CUST_0902,22,35,94.96,3260.13,5,1,1,Two-Year,Yes,Yes,Female,0,
CUST_0903,46,70,38.16,2699.89,4,0,2,Yearly,Yes,Yes,Female,0,
CUST_0904,21,59,45.92,2946.63,1,0,3,Yearly,Yes,No,Male,0,
CUST_0905,27,69,146.5,10561.36,2,1,1,Yearly,Yes,Yes,Male,0,
CUST_0906,34,33,53.56,1785.5,1,3,1,Two-Year,Yes,Yes,Male,0,
CUST_0907,27,51,147.18,7912.13,3,2,1,Yearly,Yes,Yes,Male,0,
CUST_0908,34,12,91.49,1069.53,2,0,1,Monthly,Yes,No,Female,1,1793750400000000000
CUST_0909,37,20,41.97,878.09,1,1,2,Two-Year,No,No,Male,0,
CUST_0910,41,53,37.41,1947.31,2,2,2,Yearly,Yes,No,Female,0,
CUST_0911,22,43,51.11,2100.88,1,0,4,Monthly,Yes,No,Female,0,
CUST_0912,51,50,140.7,7189.38,4,1,4,,Yes,Yes,Male,1,1776124800000000000
CUST_0913,23,29,76.77,2309.54,2,0,1,Monthly,Yes,Yes,Male,0,
CUST_0914,19,57,74.43,4207.97,2,0,3,Two-Year,Yes,Yes,Female,0,
CUST_0915,30,39,64.15,2534.62,3,0,1,Monthly,Yes,No,Male,0,
CUST_0916,60,56,43.38,2523.57,5,0,3,Two-Year,Yes,No,Male,0,
CUST_0917,60,43,85.98,3895.09,1,2,1,Two-Year,Yes,No,Female,0,
CUST_0918,65,50,41.26,2226.21,0,2,4,Yearly,No,Yes,Female,0,
CUST_0919,28,23,129.44,2890.51,2,0,4,Yearly,Yes,Yes,Female,0,
CUST_0920,68,44,71.3,3420.47,3,2,3,Monthly,Yes,Yes,Female,0,
CUST_0921,64,38,71.85,2805.26,4,2,1,Monthly,Yes,No,Female,0,
CUST_0922,40,23,84.25,2049.25,2,0,3,Monthly,Yes,No,Male,0,
CUST_0923,33,45,80.52,3768.17,2,2,4,Yearly,Yes,No,Female,0,
CUST_0924,48,52,149.36,7309.37,2,0,1,Monthly,Yes,No,Female,0,
CUST_0925,28,50,93.17,4259.21,3,1,1,Monthly,Yes,Yes,Female,0,
CUST_0926,33,8,36.03,301.28,1,2,3,Monthly,Yes,Yes,Male,0,
CUST_0927,25,1,100.86,101.08,1,0,2,Two-Year,Yes,Yes,Female,0,
CUST_0928,21,8,43.95,365.82,4,1,3,Monthly,Yes,No,Female,0,
CUST_0929,57,29,28.87,833.35,1,0,4,Two-Year,Yes,Yes,Male,0,
CUST_0930,21,5,146.34,704.22,2,2,4,Monthly,Yes,No,Female,0,
CUST_0931,42,47,121.69,5473.51,1,1,4,Monthly,No,No,Female,0,
CUST_0932,20,34,147.51,5246.58,1,2,4,Monthly,Yes,Yes,Female,0,
CUST_0933,49,65,84.73,5261.58,1,0,4,Monthly,Yes,Yes,Male,0,
CUST_0934,20,55,91.53,5250.29,1,1,2,Yearly,Yes,Yes,Male,0,
CUST_0935,44,43,46.04,1933.77,3,3,1,Monthly,Yes,No,Female,0,
CUST_0936,46,30,55.86,1766.59,2,1,3,Yearly,Yes,Yes,Female,0,
CUST_0937,49,17,129.82,2049.28,5,2,3,Yearly,No,Yes,Female,0,
CUST_0938,67,26,69.52,1700.87,5,2,4,Yearly,Yes,No,Male,0,
CUST_0939,68,8,128.35,1064.98,2,1,3,Yearly,Yes,No,Male,0,
CUST_0940,36,47,113.63,5404.94,2,1,4,Monthly,Yes,Yes,Male,0,
CUST_0941,38,72,47.15,3193.75,4,0,2,Yearly,Yes,No,Male,0,
CUST_0942,22,46,88.43,4395.5,0,0,2,Two-Year,Yes,No,Male,0,
CUST_0943,35,68,109.67,7123.38,2,0,1,Two-Year,Yes,No,Male,0,
CUST_0944,45,33,54.38,1766.21,3,3,2,Two-Year,Yes,Yes,Female,0,
CUST_0945,59,1,128.84,121.17,3,2,2,Monthly,No,Yes,Male,0,
CUST_0946,39,19,93.1,1729.29,2,3,1,Yearly,Yes,No,Female,0,
CUST_0947,38,31,45.66,1413.1,2,1,3,Yearly,Yes,Yes,Male,0,
CUST_0948,23,14,97.87,1314.07,3,1,4,Monthly,No,No,Female,0,
CUST_0949,18,53,149.96,8375.62,1,5,4,Yearly,Yes,No,Male,0,
CUST_0950,22,48,43.82,2058.74,1,2,3,Yearly,Yes,No,Female,0,
CUST_0951,58,69,127.09,9171.73,3,1,1,Monthly,Yes,Yes,Female,1,1796342400000000000
CUST_0952,29,62,50.91,2971.5,1,0,3,Monthly,Yes,Yes,Female,0,
CUST_0953,43,66,122.8,7905.48,6,2,2,Yearly,No,Yes,Male,0,
CUST_0954,63,64,116.82,6740.88,2,2,1,Monthly,No,No,Male,0,
CUST_0955,51,70,62.56,4605.73,6,5,1,Monthly,No,Yes,Male,0,
CUST_0956,66,63,65.73,4245.25,8,0,1,Monthly,Yes,Yes,Female,1,1773878400000000000
CUST_0957,31,33,124.07,4354.56,0,0,4,Monthly,Yes,Yes,Female,0,
CUST_0958,43,41,82.68,3359.79,2,1,3,Two-Year,No,Yes,Female,1,1783814400000000000
CUST_0959,62,48,116.35,5919.6,1,0,1,,No,Yes,Male,0,
CUST_0960,44,13,43.5,582.19,1,1,1,Yearly,Yes,Yes,Male,0,
CUST_0961,26,31,131.57,3673.75,6,2,1,Two-Year,Yes,No,Female,0,
CUST_0962,43,68,113.86,7361.08,2,1,3,Monthly,Yes,Yes,Male,0,
CUST_0963,64,4,138.37,552.8,1,2,4,Monthly,Yes,Yes,Male,0,
CUST_0964,39,19,41.55,808.19,2,0,2,Yearly,Yes,No,Male,0,
CUST_0965,64,70,99.13,6336.22,1,1,4,Monthly,No,No,Male,0,
CUST_0966,47,13,99.89,1351.83,4,1,1,Monthly,No,Yes,Female,0,
CUST_0967,60,23,69.18,1604.99,2,2,4,Yearly,Yes,Yes,Male,0,
CUST_0968,65,1,82.31,82.73,2,0,4,Yearly,Yes,No,Male,0,
CUST_0969,34,54,29.75,1539.68,1,1,2,Yearly,Yes,Yes,Female,0,
CUST_0970,43,71,118.23,8553.53,2,0,3,Two-Year,Yes,Yes,Female,1,1793664000000000000
CUST_0971,53,15,93.67,1272.27,3,1,3,Yearly,Yes,Yes,Male,0,
CUST_0972,18,65,32.22,1911.97,4,1,4,Yearly,Yes,Yes,Male,0,
CUST_0973,25,71,,8181.99,2,3,4,Two-Year,No,No,Male,0,
CUST_0974,66,15,83.35,1205.71,1,4,3,Monthly,No,No,Male,1,1771718400000000000
CUST_0975,52,21,29.31,596.67,3,0,3,Monthly,Yes,No,Female,0,
CUST_0976,69,19,146.2,2615.79,6,2,2,Yearly,Yes,Yes,Female,0,
CUST_0977,32,60,143.64,8524.67,2,0,1,Yearly,No,Yes,Female,0,
CUST_0978,64,33,89.11,2677.15,0,2,4,Monthly,Yes,No,Male,1,1779580800000000000
CUST_0979,39,49,36.71,1726.97,2,0,3,Monthly,Yes,Yes,Male,0,
CUST_0980,31,35,119.33,4199.21,4,0,4,Monthly,Yes,Yes,Female,0,
CUST_0981,43,44,86.49,3779.4,4,1,4,Yearly,Yes,No,Male,0,
CUST_0982,45,11,62.81,759.96,3,2,3,Yearly,Yes,No,Female,0,
CUST_0983,40,72,86.43,6084.52,3,1,2,Two-Year,Yes,Yes,Female,0,
CUST_0984,31,66,90.31,5825.75,5,2,4,Yearly,No,No,Female,0,
CUST_0985,41,46,95.34,4388.78,1,0,2,Yearly,Yes,Yes,Female,0,
CUST_0986,19,9,80.15,676.67,6,3,3,Monthly,No,Yes,Female,0,
CUST_0987,62,3,100.72,324.9,5,1,1,Monthly,No,Yes,Female,1,1796169600000000000
CUST_0988,43,26,139.84,3688.39,5,3,1,Monthly,Yes,No,Female,1,1771977600000000000
CUST_0989,31,72,70.28,4748.56,6,1,4,Yearly,Yes,No,Male,0,
CUST_0990,68,48,115.71,5880.04,3,2,3,Monthly,Yes,No,Female,1,1772928000000000000
CUST_0991,24,66,136.81,8188.51,1,5,2,Yearly,Yes,Yes,Female,0,
CUST_0992,20,70,82.0,6293.98,1,0,4,Yearly,Yes,Yes,Male,0,
CUST_0993,64,28,80.43,2416.51,6,2,3,Monthly,Yes,No,Female,0,
CUST_0994,40,26,100.26,2648.28,2,2,3,Two-Year,Yes,Yes,Male,0,
CUST_0995,63,25,98.93,2280.98,4,0,2,Yearly,Yes,Yes,Female,1,1787184000000000000
CUST_0996,60,12,125.82,1423.86,3,3,4,Monthly,No,No,Male,1,1774569600000000000
CUST_0997,64,5,84.56,404.15,6,1,3,Monthly,Yes,No,Male,1,1773360000000000000
CUST_0998,62,48,149.52,6805.24,2,2,3,Yearly,Yes,Yes,Male,0,
CUST_0999,35,37,32.43,1199.31,3,2,3,Monthly,Yes,Yes,Female,0,
CUST_1000,55,44,25.4,1216.97,2,2,2,Monthly,Yes,Yes,Male,0,
